,Date,day.t
1,1998/1/23,9.79
2,1998/1/24,9.72
3,1998/1/25,9.8
4,1998/1/26,9.44
5,1998/4/1,11.46
6,1998/4/2,11.73
7,1998/4/3,11.46
8,1998/4/4,11.52
9,1998/4/5,12.58
10,1998/4/6,13.28
11,1998/4/7,13.4
12,1998/4/8,13.49
13,1998/4/9,14.25
14,1998/4/10,15.07
15,1998/4/11,14.96
16,1998/4/12,14.68
17,1998/4/13,13.52
18,1998/4/14,12.78
19,1998/4/15,14.56
20,1998/4/16,15.65
21,1998/4/17,16.68
22,1998/4/18,17.19
23,1998/4/19,18.33
24,1998/4/20,19.34
25,1998/4/21,20.83
26,1998/4/22,22.09
27,1998/4/23,18.96
28,1998/4/24,17.13
29,1998/4/25,17.51
30,1998/4/26,17.22
31,1998/4/27,18.49
32,1998/4/28,19.78
33,1998/4/29,20.46
34,1998/4/30,20.67
35,1998/5/1,20.06
36,1998/5/2,19.15
37,1998/5/3,18.9
38,1998/5/4,19.5
39,1998/5/5,19.36
40,1998/5/6,18.41
41,1998/5/7,18.26
42,1998/5/8,18.48
43,1998/5/9,17.79
44,1998/5/10,17.79
45,1998/5/11,17.38
46,1998/5/12,16.53
47,1998/5/13,15.67
48,1998/5/14,15.95
49,1998/5/15,16.76
50,1998/5/16,16.92
51,1998/5/17,17.21
52,1998/5/18,17.72
53,1998/5/19,18.16
54,1998/5/20,18.51
55,1998/5/21,18.76
56,1998/5/22,19.65
57,1998/5/23,20.53
58,1998/5/24,20.74
59,1998/5/25,20.66
60,1998/5/26,20.16
61,1998/5/27,19.56
62,1998/5/28,18.17
63,1998/5/29,16.53
64,1998/5/30,16.12
65,1998/5/31,17.76
66,1998/6/1,19.96
67,1998/6/2,19.16
68,1998/6/3,18.21
69,1998/6/4,18.2
70,1998/6/5,19.27
71,1998/6/6,20.09
72,1998/6/7,19.34
73,1998/6/8,19.88
74,1998/6/9,21.36
75,1998/6/10,20.77
76,1998/6/11,19.27
77,1998/6/12,20.24
78,1998/6/13,21.31
79,1998/6/14,NA
80,1998/6/15,25.09
81,1998/6/16,24.59
82,1998/6/17,22.01
83,1998/6/18,23.16
84,1998/6/19,23.14
85,1998/6/20,22.88
86,1998/6/21,22.58
87,1998/6/22,22.56
88,1998/6/23,22.68
89,1998/6/24,22.7
90,1998/6/25,22.53
91,1998/6/26,22.66
92,1998/6/27,24.01
93,1998/6/28,24.41
94,1998/6/29,23.85
95,1998/6/30,23.64
96,1999/1/12,6.423
97,1999/1/13,6.309166667
98,1999/1/14,6.3475
99,1999/1/15,6.812916667
100,1999/1/16,7.610416667
101,1999/1/17,8.348333333
102,1999/1/18,9.454166667
103,1999/1/19,10.63291667
104,1999/1/20,11.72583333
105,1999/1/21,12.10666667
106,1999/1/22,11.61541667
107,1999/1/23,11.49833333
108,1999/1/24,10.82625
109,1999/1/25,9.921666667
110,1999/1/26,8.7825
111,1999/1/27,8.027083333
112,1999/1/28,7.859166667
113,1999/1/29,7.943333333
114,1999/1/30,7.917083333
115,1999/1/31,7.716666667
116,1999/2/1,7.939166667
117,1999/2/2,8.443333333
118,1999/2/3,8.790833333
119,1999/2/4,NA
120,1999/2/5,9.583333333
121,1999/2/6,9.6325
122,1999/2/7,9.562916667
123,1999/2/8,10.32375
124,1999/2/9,10.78041667
125,1999/2/10,9.831666667
126,1999/2/11,8.62375
127,1999/2/12,8.763333333
128,1999/2/13,8.777083333
129,1999/2/14,8.8425
130,1999/2/15,8.635416667
131,1999/2/16,8.99625
132,1999/2/17,9.92
133,1999/2/18,10.48958333
134,1999/2/19,9.876666667
135,1999/2/20,9.566666667
136,1999/2/21,9.410416667
137,1999/2/22,9.903333333
138,1999/2/23,10.47708333
139,1999/2/24,10.62
140,1999/2/25,10.45208333
141,1999/2/26,10.31125
142,1999/2/27,10.90125
143,1999/2/28,11.70625
144,1999/3/1,12.39875
145,1999/3/2,12.71666667
146,1999/3/3,12.44458333
147,1999/3/4,11.77083333
148,1999/3/5,11.02625
149,1999/3/6,10.91041667
150,1999/3/7,10.97458333
151,1999/3/8,10.30416667
152,1999/3/9,9.66875
153,1999/3/10,9.88125
154,1999/3/11,10.07
155,1999/3/12,10.445
156,1999/3/13,11.21125
157,1999/3/14,12.01666667
158,1999/3/15,12.00291667
159,1999/3/16,12.23791667
160,1999/3/17,12.67625
161,1999/3/18,13.74375
162,1999/3/19,13.71875
163,1999/3/20,13.45208333
164,1999/3/21,13.135
165,1999/3/22,13.80166667
166,1999/3/23,13.91791667
167,1999/3/24,13.96166667
168,1999/3/25,14.18208333
169,1999/3/26,14.23916667
170,1999/3/27,14.535
171,1999/3/28,14.50875
172,1999/3/29,13.68375
173,1999/3/30,14.00541667
174,1999/3/31,13.29791667
175,1999/4/1,12.56125
176,1999/4/2,12.75416667
177,1999/4/3,12.68416667
178,1999/4/4,12.45791667
179,1999/4/5,10.02583333
180,1999/4/6,10.83833333
181,1999/4/7,10.88916667
182,1999/4/8,12.63208333
183,1999/4/9,12.34666667
184,1999/4/10,12.38083333
185,1999/4/11,12.69041667
186,1999/4/12,12.45041667
187,1999/4/13,13.56041667
188,1999/4/14,14.95166667
189,1999/4/15,17.26833333
190,1999/4/16,17.51541667
191,1999/4/17,19.38875
192,1999/4/18,20.61458333
193,1999/4/19,20.26583333
194,1999/4/20,19.39666667
195,1999/4/21,19.19375
196,1999/4/22,18.89041667
197,1999/4/23,18.38208333
198,1999/4/24,17.1875
199,1999/4/25,17.13916667
200,1999/4/26,17.28625
201,1999/4/27,17.18083333
202,1999/4/28,16.33833333
203,1999/4/29,16.20041667
204,1999/4/30,15.2625
205,1999/5/1,16.30041667
206,1999/5/2,16.63666667
207,1999/5/3,16.30416667
208,1999/5/4,16.33875
209,1999/5/5,16.94708333
210,1999/5/6,17.81375
211,1999/5/7,18.23416667
212,1999/5/8,18.43083333
213,1999/5/9,18.34791667
214,1999/5/10,18.27458333
215,1999/5/11,18.79041667
216,1999/5/12,NA
217,1999/5/13,19.53208333
218,1999/5/14,19.13958333
219,1999/5/15,18.87708333
220,1999/5/16,19.04041667
221,1999/5/17,19.42791667
222,1999/5/18,19.73291667
223,1999/5/19,19.79333333
224,1999/5/20,19.58541667
225,1999/5/21,19.90166667
226,1999/5/22,20.49
227,1999/5/23,20.24416667
228,1999/5/24,19.87291667
229,1999/5/25,20.09875
230,1999/5/26,20.74791667
231,1999/5/27,20.83666667
232,1999/5/28,20.62541667
233,1999/5/29,20.0225
234,1999/5/30,19.9075
235,1999/5/31,19.82
236,1999/6/1,19.62625
237,1999/6/2,19.43708333
238,1999/6/3,19.45125
239,1999/6/4,19.86
240,1999/6/5,20.25375
241,1999/6/6,20.51708333
242,1999/6/7,20.24416667
243,1999/6/8,20.18583333
244,1999/6/9,20.45708333
245,1999/6/10,20.62666667
246,1999/6/11,20.84375
247,1999/6/12,20.86625
248,1999/6/13,21.03375
249,1999/6/14,21.60916667
250,1999/6/15,21.44291667
251,1999/6/16,21.425
252,1999/6/17,22.13
253,1999/6/18,22.575
254,1999/6/19,22.70833333
255,1999/6/20,23.06541667
256,1999/6/21,23.18583333
257,1999/6/22,23.77125
258,1999/6/23,24.08458333
259,1999/6/24,23.39125
260,1999/6/25,22.96833333
261,1999/6/26,23.21666667
262,1999/6/27,23.67875
263,1999/6/28,24.47458333
264,1999/6/29,25.41708333
265,1999/6/30,26.44956522
266,1999/7/1,26.95833333
267,1999/7/2,26.01291667
268,1999/7/3,24.28041667
269,1999/7/4,23.47083333
270,1999/7/5,23.88416667
271,1999/7/6,23.97041667
272,1999/7/7,23.4775
273,1999/7/8,23.27083333
274,2000/1/3,7.914615385
275,2000/1/4,7.7475
276,2000/1/5,7.709166667
277,2000/1/6,7.50875
278,2000/1/7,7.534166667
279,2000/1/8,7.571666667
280,2000/1/9,7.579166667
281,2000/1/10,7.871666667
282,2000/1/11,8.357083333
283,2000/1/12,8.496666667
284,2000/1/13,8.515416667
285,2000/1/14,8.747083333
286,2000/1/15,9.145833333
287,2000/1/16,9.579583333
288,2000/1/17,9.71
289,2000/1/18,9.9
290,2000/1/19,10.36958333
291,2000/1/20,10.8
292,2000/1/21,11.025
293,2000/1/22,11.27583333
294,2000/1/23,11.5275
295,2000/1/24,11.2
296,2000/1/25,11.38625
297,2000/1/26,11.55291667
298,2000/1/27,11.6625
299,2000/1/28,11.41125
300,2000/1/29,11.475
301,2000/1/30,11.33833333
302,2000/1/31,10.845
303,2000/2/1,10.81875
304,2000/2/2,11.21083333
305,2000/2/3,11.39791667
306,2000/2/4,11.0825
307,2000/2/5,11.48208333
308,2000/2/6,11.84416667
309,2000/2/7,12.03166667
310,2000/2/8,12.07041667
311,2000/2/9,12.31458333
312,2000/2/10,12.58375
313,2000/2/11,12.29625
314,2000/2/12,11.71916667
315,2000/2/13,11.5475
316,2000/2/14,11.88916667
317,2000/2/15,12.13416667
318,2000/2/16,11.82375
319,2000/2/17,11.33583333
320,2000/2/18,10.88291667
321,2000/2/19,11.59833333
322,2000/2/20,11.67666667
323,2000/2/21,11.66166667
324,2000/2/22,11.39083333
325,2000/2/23,10.7425
326,2000/2/24,10.52375
327,2000/2/25,10.74166667
328,2000/2/26,11.27458333
329,2000/2/27,11.1975
330,2000/2/28,10.83791667
331,2000/2/29,11.07166667
332,2000/3/1,11.32666667
333,2000/3/2,11.47083333
334,2000/3/3,11.19166667
335,2000/3/4,11.41666667
336,2000/3/5,11.57208333
337,2000/3/6,11.13916667
338,2000/3/7,10.795
339,2000/3/8,10.52416667
340,2000/3/9,10.34958333
341,2000/3/10,10.56208333
342,2000/3/11,11.26208333
343,2000/3/12,11.92166667
344,2000/3/13,12.32875
345,2000/3/14,12.98708333
346,2000/3/15,13.47166667
347,2000/3/16,14.23958333
348,2000/3/17,14.205
349,2000/3/18,14.98458333
350,2000/3/19,16.40041667
351,2000/3/20,13.44208333
352,2000/3/21,NA
353,2000/3/22,13.96
354,2000/3/23,15.10666667
355,2000/3/24,15.26458333
356,2000/3/25,15.3375
357,2000/3/26,15.76666667
358,2000/3/27,15.79166667
359,2000/3/28,15.69916667
360,2000/3/29,15.89208333
361,2000/3/30,16.26833333
362,2000/3/31,16.02375
363,2000/4/1,15.79291667
364,2000/4/2,16.9775
365,2000/4/3,18.23666667
366,2000/4/4,18.54333333
367,2000/4/5,18.48833333
368,2000/4/6,18.48791667
369,2000/4/7,18.97541667
370,2000/4/8,18.93916667
371,2000/4/9,18.52875
372,2000/4/10,18.69875
373,2000/4/11,19.20416667
374,2000/4/12,19.52291667
375,2000/4/13,19.48208333
376,2000/4/14,19.475
377,2000/4/15,19.14333333
378,2000/4/16,18.78416667
379,2000/4/17,17.79333333
380,2000/4/18,16.99416667
381,2000/4/19,16.415
382,2000/4/20,17.57625
383,2000/4/21,18.44
384,2000/4/22,18.55333333
385,2000/4/23,18.3375
386,2000/4/24,19.15833333
387,2000/4/25,19.63041667
388,2000/4/26,20.42166667
389,2000/4/27,20.37583333
390,2000/4/28,20.04416667
391,2000/4/29,20.04375
392,2000/4/30,19.9675
393,2000/5/1,19.79291667
394,2000/5/2,20.30791667
395,2000/5/3,20.4425
396,2000/5/4,20.49125
397,2000/5/5,20.14458333
398,2000/5/6,19.20375
399,2000/5/7,18.58708333
400,2000/5/8,18.66375
401,2000/5/9,18.52
402,2000/5/10,18.28125
403,2000/5/11,18.71916667
404,2000/5/12,19.01541667
405,2000/5/13,18.955
406,2000/5/14,18.63375
407,2000/5/15,18.6
408,2000/5/16,18.73833333
409,2000/5/17,19.05375
410,2000/5/18,19.68541667
411,2000/5/19,20.87583333
412,2000/5/20,22.77083333
413,2000/5/21,24.59041667
414,2000/5/22,NA
415,2000/5/23,26.76166667
416,2000/5/24,26.18916667
417,2000/5/25,24.95
418,2000/5/26,24.37958333
419,2000/5/27,24.02958333
420,2000/5/28,24.01375
421,2000/5/29,23.55583333
422,2000/5/30,23.04416667
423,2000/5/31,22.78458333
424,2000/6/1,22.77791667
425,2000/6/2,22.96833333
426,2000/6/3,22.78208333
427,2000/6/4,22.60416667
428,2000/6/5,21.55333333
429,2000/6/6,21.62583333
430,2000/6/7,21.31291667
431,2000/6/8,21.18
432,2000/6/9,21.015
433,2000/6/10,20.975
434,2000/6/11,21.21416667
435,2000/6/12,21.71833333
436,2000/6/13,22.63083333
437,2000/6/14,23.63708333
438,2000/6/15,25.09375
439,2000/6/16,25.8325
440,2000/6/17,25.12958333
441,2000/6/18,23.54625
442,2000/6/19,23.28458333
443,2000/6/20,23.70333333
444,2000/6/21,24.28041667
445,2000/6/22,24.43708333
446,2000/6/23,23.885
447,2000/6/24,23.45625
448,2000/6/25,23.30458333
449,2000/6/26,23.63333333
450,2000/6/27,24.07166667
451,2000/6/28,24.3875
452,2000/6/29,24.19458333
453,2000/6/30,23.29375
454,2000/7/1,22.51916667
455,2000/7/2,22.08833333
456,2000/7/3,21.69458333
457,2000/7/4,21.7425
458,2000/7/5,21.62333333
459,2000/7/6,21.45083333
460,2000/7/7,21.26833333
461,2000/7/8,21.3125
462,2000/7/9,21.87791667
463,2000/7/10,22.3575
464,2000/7/11,22.58166667
465,2000/7/12,22.47
466,2000/7/13,21.88375
467,2000/7/14,22.0125
468,2000/7/15,22.42083333
469,2000/7/16,21.9475
470,2000/7/17,21.335
471,2000/7/18,21.76166667
472,2000/7/19,21.802
473,2000/12/28,8.419230769
474,2000/12/29,8.26375
475,2000/12/30,8.10375
476,2000/12/31,7.910833333
477,2001/1/1,7.807916667
478,2001/1/2,7.82
479,2001/1/3,7.775
480,2001/1/4,7.754166667
481,2001/1/5,7.774166667
482,2001/1/6,7.754166667
483,2001/1/7,7.6875
484,2001/1/8,7.85875
485,2001/1/9,7.873333333
486,2001/1/10,7.965833333
487,2001/1/11,8.0475
488,2001/1/12,8.39125
489,2001/1/13,8.840416667
490,2001/1/14,9.1425
491,2001/1/15,8.340833333
492,2001/1/16,7.552083333
493,2001/1/17,6.94375
494,2001/1/18,6.535416667
495,2001/1/19,6.755
496,2001/1/20,6.815416667
497,2001/1/21,7.0575
498,2001/1/22,7.5275
499,2001/1/23,7.753333333
500,2001/1/24,8.000416667
501,2001/1/25,8.22375
502,2001/1/26,8.225
503,2001/1/27,8.01375
504,2001/1/28,7.884583333
505,2001/1/29,7.733333333
506,2001/1/30,7.702916667
507,2001/1/31,7.52625
508,2001/2/1,7.67173913
509,2001/2/2,8.055833333
510,2001/2/3,8.790833333
511,2001/2/4,9.480416667
512,2001/2/5,10.12291667
513,2001/2/6,10.60708333
514,2001/2/7,10.25208333
515,2001/2/8,9.381666667
516,2001/2/9,8.687083333
517,2001/2/10,8.219166667
518,2001/2/11,8.462916667
519,2001/2/12,8.4225
520,2001/2/13,8.110833333
521,2001/2/14,7.83375
522,2001/2/15,8.200833333
523,2001/2/16,9.043913043
524,2001/2/17,9.485
525,2001/2/18,9.999583333
526,2001/2/19,10.28375
527,2001/2/20,10.85083333
528,2001/2/21,11.15583333
529,2001/2/22,11.02583333
530,2001/2/23,11.24458333
531,2001/2/24,11.07291667
532,2001/2/25,9.817916667
533,2001/2/26,10.69708333
534,2001/2/27,11.23875
535,2001/2/28,11.05208333
536,2001/3/1,11.03291667
537,2001/3/2,11.38625
538,2001/3/3,11.29708333
539,2001/3/4,11.3725
540,2001/3/5,11.13583333
541,2001/3/6,11.79708333
542,2001/3/7,13.0575
543,2001/3/8,13.77791667
544,2001/3/9,13.65625
545,2001/3/10,13.14166667
546,2001/3/11,13.63916667
547,2001/3/12,14.19416667
548,2001/3/13,14.955
549,2001/3/14,15.65041667
550,2001/3/15,15.69083333
551,2001/3/16,15.0575
552,2001/3/17,15.67083333
553,2001/3/18,17.12125
554,2001/3/19,18.34125
555,2001/3/20,19.37791667
556,2001/3/21,20.09958333
557,2001/3/22,19.60869565
558,2001/3/23,19.51083333
559,2001/3/24,19.36958333
560,2001/3/25,19.59833333
561,2001/3/26,19.41083333
562,2001/3/27,19.12708333
563,2001/3/28,19.03875
564,2001/3/29,19.26916667
565,2001/3/30,19.49125
566,2001/3/31,19.87416667
567,2001/4/1,19.63458333
568,2001/4/2,18.37708333
569,2001/4/3,17.82041667
570,2001/4/4,17.31416667
571,2001/4/5,16.98125
572,2001/4/6,16.72545455
573,2001/4/24,18.90571429
574,2001/4/25,19.71208333
575,2001/4/26,20.42833333
576,2001/4/27,20.05
577,2001/4/28,19.69458333
578,2001/4/29,19.66625
579,2001/4/30,20.11166667
580,2001/5/1,20.475
581,2001/5/2,19.26666667
582,2001/5/3,18.40208333
583,2001/5/4,18.7075
584,2001/5/5,19.40291667
585,2001/5/6,20.22125
586,2001/5/7,21.15833333
587,2001/5/8,22.29666667
588,2001/5/9,23.37875
589,2001/5/10,23.76333333
590,2001/5/11,24.11333333
591,2001/5/12,23.11125
592,2001/5/13,21.92625
593,2001/5/14,21.31916667
594,2001/5/15,21.005
595,2001/5/16,21.22916667
596,2001/5/17,21.65541667
597,2001/5/18,22.10791667
598,2001/5/19,22.68708333
599,2001/5/20,23.17458333
600,2001/5/21,23.63458333
601,2001/5/22,23.88416667
602,2001/5/23,23.82958333
603,2001/5/24,23.87333333
604,2001/5/25,23.52166667
605,2001/5/26,22.51458333
606,2001/5/27,20.95333333
607,2001/5/28,20.07375
608,2001/5/29,20.46583333
609,2001/5/30,21.32625
610,2001/5/31,22.70375
611,2001/6/1,23.62791667
612,2001/6/2,22.59375
613,2001/6/3,21.75333333
614,2001/6/4,21.27833333
615,2001/6/5,21.05833333
616,2001/6/6,21.49875
617,2001/6/7,22.52791667
618,2001/6/8,23.485
619,2001/6/9,23.33875
620,2001/6/10,22.63875
621,2001/6/11,21.50545455
622,2001/12/12,8.7
623,2001/12/13,8.400104167
624,2001/12/14,8.632083333
625,2001/12/15,8.352395833
626,2001/12/16,7.934583333
627,2001/12/17,8.156770833
628,2001/12/18,8.616666667
629,2001/12/19,8.7309375
630,2001/12/20,8.774895833
631,2001/12/21,8.875
632,2001/12/22,9.201979167
633,2001/12/23,9.384791667
634,2001/12/24,9.205833333
635,2001/12/25,9.011145833
636,2001/12/26,9.297083333
637,2001/12/27,9.55
638,2001/12/28,9.65
639,2001/12/29,10.05479167
640,2001/12/30,10.82
641,2001/12/31,11.49395833
642,2002/1/1,11.90291667
643,2002/1/2,12.26059701
644,2002/1/3,12.156875
645,2002/1/4,11.28458333
646,2002/1/5,10.824375
647,2002/1/6,10.9325
648,2002/1/7,11.08333333
649,2002/1/8,10.9525
650,2002/1/9,10.98958333
651,2002/1/10,10.95833333
652,2002/1/11,10.780625
653,2002/1/12,10.50208333
654,2002/1/13,10.33020833
655,2002/1/14,9.946382979
656,2002/1/15,9.166458333
657,2002/1/16,8.4575
658,2002/1/17,7.858958333
659,2002/1/18,7.561875
660,2002/1/19,7.304791667
661,2002/1/20,6.985833333
662,2002/1/21,7.337083333
663,2002/1/22,7.256875
664,2002/1/23,6.996458333
665,2002/1/24,6.871666667
666,2002/1/25,7.176458333
667,2002/1/26,7.657083333
668,2002/1/27,7.789791667
669,2002/1/28,7.42625
670,2002/1/29,7.156595745
671,2002/1/30,6.811875
672,2002/1/31,6.6425
673,2002/2/1,7.000208333
674,2002/2/2,7.346041667
675,2002/2/3,7.786875
676,2002/2/4,8.247916667
677,2002/2/5,8.785625
678,2002/2/6,9.083541667
679,2002/2/7,9.726875
680,2002/2/8,10.22666667
681,2002/2/9,10.19791667
682,2002/2/10,10.54979167
683,2002/2/11,10.939375
684,2002/2/12,11.45416667
685,2002/2/13,11.52645833
686,2002/2/14,11.95565217
687,2002/2/15,11.944375
688,2002/2/16,12.2675
689,2002/2/17,12.32458333
690,2002/2/18,12.49291667
691,2002/2/19,12.39833333
692,2002/2/20,12.70770833
693,2002/2/21,13.23770833
694,2002/2/22,14.01020833
695,2002/2/23,14.2775
696,2002/2/24,14.455
697,2002/2/25,14.435625
698,2002/2/26,14.55583333
699,2002/2/27,14.82041667
700,2002/2/28,15.296875
701,2002/3/1,13.95229167
702,2002/3/2,13.02229167
703,2002/3/3,12.898125
704,2002/3/4,12.89104167
705,2002/3/5,12.835
706,2002/3/21,14.4072
707,2002/3/22,14.310625
708,2002/3/23,14.3875
709,2002/3/24,14.4125
710,2002/3/25,14.52895833
711,2002/3/26,15.15666667
712,2002/3/27,16.00020833
713,2002/3/28,16.62458333
714,2002/3/29,17.47291667
715,2002/3/30,18.264375
716,2002/3/31,18.93895833
717,2002/4/1,19.640625
718,2002/4/2,19.99604167
719,2002/4/3,19.42234043
720,2002/4/4,18.59458333
721,2002/4/5,18.22375
722,2002/4/6,18.25479167
723,2002/4/7,18.24166667
724,2002/4/8,18.246875
725,2002/4/9,17.62666667
726,2002/4/10,17.786875
727,2002/4/11,18.480625
728,2002/4/12,19.05583333
729,2002/4/13,19.89166667
730,2002/4/14,20.86375
731,2002/4/15,19.78229167
732,2002/4/16,18.66395833
733,2002/4/17,17.510625
734,2002/4/18,17.134375
735,2002/4/19,17.04854167
736,2002/4/20,17.490625
737,2002/4/21,17.730625
738,2002/4/22,18.33270833
739,2002/4/23,19.05895833
740,2002/4/24,18.99083333
741,2002/4/25,18.7775
742,2002/4/26,17.98266667
743,2002/4/27,17.08854167
744,2002/4/28,16.91979167
745,2002/4/29,16.925
746,2002/4/30,16.62125
747,2002/5/1,16.890625
748,2002/5/2,17.24458333
749,2002/5/3,17.55
750,2002/5/4,18.319375
751,2002/5/5,19.225
752,2002/5/6,19.51770833
753,2002/5/7,19.04791667
754,2002/5/8,18.85979167
755,2002/5/9,18.71833333
756,2002/5/10,18.375
757,2002/5/11,18.73541667
758,2002/5/12,19.20208333
759,2002/5/13,19.42291667
760,2002/5/14,19.57020833
761,2002/5/15,20.05708333
762,2002/5/16,20.58148936
763,2002/5/17,20.8325
764,2002/5/18,20.01916667
765,2002/5/19,19.06916667
766,2002/5/20,18.19333333
767,2002/5/21,18.13416667
768,2002/5/22,18.72354167
769,2002/5/23,19.27520833
770,2002/5/24,19.94916667
771,2002/5/25,21.24333333
772,2002/5/26,21.485625
773,2002/5/27,21.16354167
774,2002/5/28,21.51979167
775,2002/5/29,22.49458333
776,2002/5/30,23.97
777,2002/5/31,24.65291667
778,2002/6/1,23.94020833
779,2002/6/2,22.93416667
780,2002/6/3,22.713125
781,2002/6/4,23.075625
782,2002/6/5,24.17625
783,2002/6/6,24.97895833
784,2002/6/7,24.96375
785,2002/6/8,23.84541667
786,2002/6/9,21.984375
787,2002/6/10,20.88541667
788,2002/6/11,21.15604167
789,2002/6/12,21.61833333
790,2002/6/13,21.22770833
791,2002/6/14,20.65333333
792,2002/6/15,20.92416667
793,2002/6/16,21.07958333
794,2002/6/17,21.35916667
795,2002/6/18,21.96833333
796,2002/6/19,22.83645833
797,2002/6/20,23.17083333
798,2002/6/21,22.09604167
799,2002/6/22,21.54833333
800,2002/6/23,21.54666667
801,2002/6/24,21.27095238
802,2002/12/30,9.3696
803,2002/12/31,9.098125
804,2003/1/1,9.221041667
805,2003/1/2,9.324583333
806,2003/1/3,9.2925
807,2003/1/4,9.35375
808,2003/1/5,9.549791667
809,2003/1/6,9.975416667
810,2003/1/7,9.981666667
811,2003/1/8,9.706666667
812,2003/1/9,9.349375
813,2003/1/10,9.673333333
814,2003/1/11,10.58041667
815,2003/1/12,10.98125
816,2003/1/13,11.81479167
817,2003/1/14,12.51625
818,2003/1/15,12.86020833
819,2003/1/16,12.403125
820,2003/1/17,11.659375
821,2003/1/18,10.90354167
822,2003/1/19,10.30729167
823,2003/1/20,9.817708333
824,2003/1/21,9.606666667
825,2003/1/22,10.014375
826,2003/1/23,10.73541667
827,2003/1/24,11.396875
828,2003/1/25,12.38416667
829,2003/1/26,13.06208333
830,2003/1/27,13.22958333
831,2003/1/28,13.18645833
832,2003/1/29,13.13729167
833,2003/1/30,12.9375
834,2003/1/31,12.513125
835,2003/2/1,12.614375
836,2003/2/2,11.78208333
837,2003/2/3,11.17520833
838,2003/2/4,11.33270833
839,2003/2/5,10.02625
840,2003/2/6,9.708333333
841,2003/2/7,9.422708333
842,2003/2/8,8.861458333
843,2003/2/9,8.795
844,2003/2/10,9.067083333
845,2003/2/11,9.564583333
846,2003/2/12,9.780833333
847,2003/2/13,10.11208333
848,2003/2/14,10.80854167
849,2003/2/15,11.64625
850,2003/2/16,12.22416667
851,2003/2/17,12.67791667
852,2003/2/18,12.36191489
853,2003/2/19,12.32145833
854,2003/2/20,12.17625
855,2003/2/21,12.515625
856,2003/2/22,13.10791667
857,2003/2/23,13.13645833
858,2003/2/24,13.27583333
859,2003/2/25,13.14854167
860,2003/2/26,12.980625
861,2003/2/27,12.84729167
862,2003/2/28,12.94479167
863,2003/3/1,13.1975
864,2003/3/2,13.37270833
865,2003/3/3,13.35666667
866,2003/3/4,13.29916667
867,2003/3/5,13.570625
868,2003/3/6,14.029375
869,2003/3/7,14.2075
870,2003/3/8,14.44645833
871,2003/3/9,14.57625
872,2003/3/10,15.08666667
873,2003/3/11,15.97375
874,2003/3/12,16.59395833
875,2003/3/13,16.90833333
876,2003/3/14,16.873125
877,2003/3/15,16.70604167
878,2003/3/16,15.90125
879,2003/3/17,14.14291667
880,2003/3/18,13.57468085
881,2003/3/19,13.76604167
882,2003/3/20,14.69
883,2003/3/21,15.73958333
884,2003/3/22,16.31354167
885,2003/3/23,15.93166667
886,2003/3/24,16.18854167
887,2003/3/25,16.61125
888,2003/3/26,17.13895833
889,2003/3/27,17.08895833
890,2003/3/28,15.72291667
891,2003/3/29,15.39729167
892,2003/3/30,16.57520833
893,2003/3/31,17.85666667
894,2003/4/1,17.47145833
895,2003/4/2,16.51541667
896,2003/4/3,15.2825
897,2003/4/4,14.958125
898,2003/4/5,14.84625
899,2003/4/6,14.90586957
900,2003/4/7,15.58645833
901,2003/4/8,16.76375
902,2003/4/9,17.67541667
903,2003/4/10,18.27
904,2003/4/11,18.195625
905,2003/4/12,17.895625
906,2003/4/13,16.65479167
907,2003/4/14,16.00083333
908,2003/4/15,15.366875
909,2003/4/16,15.01270833
910,2003/4/17,15.78770833
911,2003/4/18,16.23479167
912,2003/4/19,16.91291667
913,2003/4/20,17.47666667
914,2003/4/21,16.81791667
915,2003/4/22,16.47625
916,2003/4/23,16.31708333
917,2003/4/24,16.57104167
918,2003/4/25,15.4625
919,2003/4/26,14.54229167
920,2003/4/27,15.41
921,2003/4/28,16.2
922,2003/4/29,15.32
923,2003/4/30,15.06604167
924,2003/5/1,16.43041667
925,2003/5/2,16.87666667
926,2003/5/3,16.15520833
927,2003/5/4,16.32145833
928,2003/5/5,17.046875
929,2003/5/6,17.50333333
930,2003/5/7,17.50659574
931,2003/5/8,16.988125
932,2003/5/9,17.03416667
933,2003/5/10,18.33125
934,2003/5/11,19.20479167
935,2003/5/12,19.7225
936,2003/5/13,21.06958333
937,2003/5/14,21.63416667
938,2003/5/15,20.78145833
939,2003/5/16,20.48125
940,2003/5/17,20.55479167
941,2003/5/18,20.15041667
942,2003/5/19,19.90375
943,2003/5/20,20.64958333
944,2003/5/21,21.73041667
945,2003/5/22,22.93020833
946,2003/5/23,23.9175
947,2003/5/24,23.44625
948,2003/5/25,22.08958333
949,2003/5/26,22.04479167
950,2003/5/27,22.85166667
951,2003/5/28,24.00729167
952,2003/5/29,24.83
953,2003/5/30,23.925
954,2003/5/31,24.12375
955,2003/6/1,24.70083333
956,2003/6/2,25.35104167
957,2003/6/3,25.89895833
958,2003/6/4,24.898125
959,2003/6/5,24.10770833
960,2003/6/6,23.27583333
961,2003/6/7,22.7925
962,2003/6/8,22.55729167
963,2003/6/9,22.21875
964,2003/6/10,21.61479167
965,2003/6/11,21.27229167
966,2003/6/12,20.765
967,2003/6/13,20.559375
968,2003/6/14,21.029375
969,2003/6/15,21.850625
970,2003/6/16,22.96854167
971,2003/6/17,23.68916667
972,2003/6/18,23.408125
973,2003/6/19,23.00583333
974,2003/6/20,22.76229167
975,2003/6/21,22.61895833
976,2003/6/22,22.79208333
977,2003/6/23,22.79875
978,2003/6/24,22.834375
979,2003/6/25,23.35229167
980,2003/6/26,24.41479167
981,2003/6/27,25.71520833
982,2003/6/28,26.33541667
983,2003/6/29,25.86208333
984,2003/6/30,24.5968
985,2004/1/8,8.495714286
986,2004/1/9,8.580416667
987,2004/1/10,9.496041667
988,2004/1/11,10.31958333
989,2004/1/12,10.80875
990,2004/1/13,10.57479167
991,2004/1/14,10.19270833
992,2004/1/15,9.852916667
993,2004/1/16,10.204375
994,2004/1/17,10.00333333
995,2004/1/18,9.8625
996,2004/1/19,9.609791667
997,2004/1/20,9.74375
998,2004/1/21,9.94
999,2004/1/22,9.926875
1000,2004/1/23,9.587291667
1001,2004/1/24,9.464375
1002,2004/1/25,9.735
1003,2004/1/26,9.390208333
1004,2004/1/27,9.120625
1005,2004/1/28,9.504791667
1006,2004/1/29,9.781041667
1007,2004/1/30,9.857083333
1008,2004/1/31,9.693541667
1009,2004/2/1,9.533125
1010,2004/2/2,9.563333333
1011,2004/2/3,9.624166667
1012,2004/2/4,9.986041667
1013,2004/2/5,9.970625
1014,2004/2/6,9.935625
1015,2004/2/7,10.17458333
1016,2004/2/8,10.16958333
1017,2004/2/9,10.21729167
1018,2004/2/10,9.935833333
1019,2004/2/11,9.956875
1020,2004/2/12,10.355625
1021,2004/2/13,10.615
1022,2004/2/14,10.9275
1023,2004/2/15,11.22270833
1024,2004/2/16,11.62645833
1025,2004/2/17,11.70333333
1026,2004/2/18,12.15833333
1027,2004/2/19,12.74645833
1028,2004/2/20,12.77916667
1029,2004/2/21,12.39979167
1030,2004/2/22,11.62
1031,2004/2/23,11.49520833
1032,2004/2/24,11.555625
1033,2004/2/25,11.38125
1034,2004/2/26,10.68666667
1035,2004/2/27,10.74895833
1036,2004/2/28,11.10541667
1037,2004/2/29,11.200625
1038,2004/3/1,11.08145833
1039,2004/3/2,10.66291667
1040,2004/3/3,10.669375
1041,2004/3/4,10.56229167
1042,2004/3/5,11.038125
1043,2004/3/6,11.18791667
1044,2004/3/7,11.67541667
1045,2004/3/8,12.65083333
1046,2004/3/9,13.62229167
1047,2004/3/10,14.86166667
1048,2004/3/11,16.00270833
1049,2004/3/12,17.19
1050,2004/3/13,18.25375
1051,2004/3/14,19.156875
1052,2004/3/15,19.47854167
1053,2004/3/16,18.55770833
1054,2004/3/17,18.82416667
1055,2004/3/18,19.61020833
1056,2004/3/19,19.44708333
1057,2004/3/20,19.170625
1058,2004/3/21,19.37708333
1059,2004/3/22,19.125
1060,2004/3/23,18.35333333
1061,2004/3/24,17.80666667
1062,2004/3/25,17.15104167
1063,2004/3/26,15.32645833
1064,2004/3/27,15.20208333
1065,2004/3/28,15.990625
1066,2004/3/29,16.88791667
1067,2004/3/30,16.9625
1068,2004/3/31,16.62125
1069,2004/4/1,16.10604167
1070,2004/4/2,15.50145833
1071,2004/4/3,15.49458333
1072,2004/4/4,15.98956522
1073,2004/4/5,16.14645833
1074,2004/4/6,16.37958333
1075,2004/4/7,17.0625
1076,2004/4/8,18.07354167
1077,2004/4/9,19.19145833
1078,2004/4/10,20.23395833
1079,2004/4/11,20.37770833
1080,2004/4/12,19.74895833
1081,2004/4/13,18.91333333
1082,2004/4/14,18.49520833
1083,2004/4/15,18.25
1084,2004/4/16,17.90666667
1085,2004/4/17,17.83
1086,2004/4/18,17.33333333
1087,2004/4/19,16.87208333
1088,2004/4/20,16.58083333
1089,2004/4/21,16.6475
1090,2004/4/22,16.73479167
1091,2004/4/23,17.344375
1092,2004/4/24,18.253125
1093,2004/4/25,19.37458333
1094,2004/4/26,20.63854167
1095,2004/4/27,21.8875
1096,2004/4/28,22.17395833
1097,2004/4/29,21.47583333
1098,2004/4/30,21.07916667
1099,2004/5/1,21.25708333
1100,2004/5/2,22.13666667
1101,2004/5/3,23.14333333
1102,2004/5/4,23.34541667
1103,2004/5/5,22.21895833
1104,2004/5/6,21.32708333
1105,2004/5/7,21.26583333
1106,2004/5/8,21.67520833
1107,2004/5/9,21.89520833
1108,2004/5/10,21.505625
1109,2004/5/11,21.08979167
1110,2004/5/12,21.03291667
1111,2004/5/13,21.09479167
1112,2004/5/14,21.330625
1113,2004/5/15,21.26479167
1114,2004/5/16,21.29395833
1115,2004/5/17,20.77458333
1116,2004/5/18,20.46166667
1117,2004/5/19,20.99958333
1118,2004/5/20,21.125
1119,2004/5/21,20.67229167
1120,2004/5/22,20.24041667
1121,2004/5/23,20.02333333
1122,2004/5/24,20.52916667
1123,2004/5/25,20.84083333
1124,2004/5/26,21.05291667
1125,2004/5/27,21.09666667
1126,2004/5/28,20.555625
1127,2004/5/29,20.61395833
1128,2004/5/30,21.275
1129,2004/5/31,22.25520833
1130,2004/6/1,23.17041667
1131,2004/6/2,23.864375
1132,2004/6/3,23.70354167
1133,2004/6/4,23.14479167
1134,2004/6/5,22.88791667
1135,2004/6/6,23.280625
1136,2004/6/7,22.80895833
1137,2004/6/8,22.23416667
1138,2004/6/9,22.12895833
1139,2004/6/10,21.91291667
1140,2004/6/11,22.17333333
1141,2004/6/12,22.38020833
1142,2004/6/13,22.83166667
1143,2004/6/14,23.34666667
1144,2004/6/15,23.943125
1145,2004/6/16,24.43166667
1146,2004/6/17,23.35333333
1147,2004/6/18,22.76708333
1148,2004/6/19,22.38708333
1149,2004/6/20,22.40895833
1150,2004/6/21,22.72875
1151,2004/6/22,22.9475
1152,2004/6/23,22.96791667
1153,2004/6/24,22.85541667
1154,2004/6/25,23.149375
1155,2004/6/26,23.4975
1156,2004/6/27,23.625
1157,2004/6/28,23.70875
1158,2004/6/29,22.805625
1159,2004/6/30,21.53708333
1160,2004/12/17,11.33714286
1161,2004/12/18,10.92604167
1162,2004/12/19,10.53666667
1163,2004/12/20,10.14791667
1164,2004/12/21,9.71625
1165,2004/12/22,9.359375
1166,2004/12/23,8.94125
1167,2004/12/24,8.593333333
1168,2004/12/25,8.25625
1169,2004/12/26,7.957916667
1170,2004/12/27,8.034375
1171,2004/12/28,8.270833333
1172,2004/12/29,8.490208333
1173,2004/12/30,9.338958333
1174,2004/12/31,9.578958333
1175,2005/1/1,9.365416667
1176,2005/1/2,8.905625
1177,2005/1/3,8.658958333
1178,2005/1/4,8.502708333
1179,2005/1/5,8.22
1180,2005/1/6,8.301875
1181,2005/1/7,8.545625
1182,2005/1/8,8.514375
1183,2005/1/9,8.459583333
1184,2005/1/10,8.588541667
1185,2005/1/11,8.698125
1186,2005/1/12,8.069166667
1187,2005/1/13,7.743333333
1188,2005/1/14,7.49125
1189,2005/1/15,7.4975
1190,2005/1/16,7.689166667
1191,2005/1/17,8.1075
1192,2005/1/18,8.10125
1193,2005/1/19,8.27
1194,2005/1/20,8.42375
1195,2005/1/21,8.464375
1196,2005/1/22,8.53
1197,2005/1/23,8.501875
1198,2005/1/24,8.55755102
1199,2005/1/25,8.849166667
1200,2005/1/26,9.664791667
1201,2005/1/27,10.08916667
1202,2005/1/28,10.451875
1203,2005/1/29,10.613125
1204,2005/1/30,10.41229167
1205,2005/1/31,10.45375
1206,2005/2/1,10.61395833
1207,2005/2/2,10.81770833
1208,2005/2/3,11.12520833
1209,2005/2/4,11.41666667
1210,2005/2/5,11.80041667
1211,2005/2/6,12.22416667
1212,2005/2/7,12.11020833
1213,2005/2/8,12.05604167
1214,2005/2/9,12.02
1215,2005/2/10,12.3475
1216,2005/2/11,12.39
1217,2005/2/12,12.525625
1218,2005/2/13,12.49541667
1219,2005/2/14,12.638125
1220,2005/2/15,12.685
1221,2005/2/16,12.56166667
1222,2005/2/17,12.42
1223,2005/2/18,12.765
1224,2005/2/19,13.03583333
1225,2005/2/20,12.94770833
1226,2005/2/21,13.215625
1227,2005/2/22,13.368125
1228,2005/2/23,13.68770833
1229,2005/2/24,13.71666667
1230,2005/2/25,13.59145833
1231,2005/2/26,13.94604167
1232,2005/2/27,14.1325
1233,2005/2/28,13.99291667
1234,2005/3/1,14.65520833
1235,2005/3/2,14.36645833
1236,2005/3/3,14.02958333
1237,2005/3/4,14.27833333
1238,2005/3/5,14.226875
1239,2005/3/6,15.29875
1240,2005/3/7,16.04520833
1241,2005/3/8,16.87333333
1242,2005/3/9,17.80583333
1243,2005/3/10,18.62875
1244,2005/3/11,19.15166667
1245,2005/3/12,19.18083333
1246,2005/3/13,19.29208333
1247,2005/3/14,18.51020833
1248,2005/3/15,17.18791667
1249,2005/3/16,16.305625
1250,2005/3/17,16.015
1251,2005/3/18,15.83645833
1252,2005/3/19,15.658125
1253,2005/3/20,15.28333333
1254,2005/3/21,14.89895833
1255,2005/3/22,14.1525
1256,2005/3/23,12.94958333
1257,2005/3/24,12.85833333
1258,2005/3/25,13.67416667
1259,2005/3/26,14.62145833
1260,2005/3/27,15.11958333
1261,2005/3/28,14.635
1262,2005/3/29,14.700625
1263,2005/3/30,14.26520833
1264,2005/3/31,14.63708333
1265,2005/4/1,16.178125
1266,2005/4/2,16.58541667
1267,2005/4/3,15.50804348
1268,2005/4/4,14.37583333
1269,2005/4/5,15.54208333
1270,2005/4/6,16.788125
1271,2005/4/7,16.5825
1272,2005/4/8,14.96708333
1273,2005/4/9,14.408125
1274,2005/4/10,15.61458333
1275,2005/4/11,16.27541667
1276,2005/4/12,16.305625
1277,2005/4/13,15.895
1278,2005/4/14,15.19208333
1279,2005/4/15,15.09541667
1280,2005/4/16,16.7475
1281,2005/4/17,17.93604167
1282,2005/4/18,18.27395833
1283,2005/4/19,17.15083333
1284,2005/4/20,16.79104167
1285,2005/4/21,17.50979167
1286,2005/4/22,18.55708333
1287,2005/4/23,18.63458333
1288,2005/4/24,18.43729167
1289,2005/4/25,18.05770833
1290,2005/4/26,18.51479167
1291,2005/4/27,19.11958333
1292,2005/4/28,19.40875
1293,2005/4/29,19.55666667
1294,2005/4/30,19.46958333
1295,2005/5/1,19.683125
1296,2005/5/2,20.31541667
1297,2005/5/3,20.68145833
1298,2005/5/4,20.76604167
1299,2005/5/5,20.765
1300,2005/5/6,20.43354167
1301,2005/5/7,20.38666667
1302,2005/5/8,20.068125
1303,2005/5/9,19.33625
1304,2005/5/10,18.811875
1305,2005/5/11,19.01104167
1306,2005/5/12,19.48791667
1307,2005/5/13,20.39625
1308,2005/5/14,21.668125
1309,2005/5/15,22.36875
1310,2005/5/16,22.13958333
1311,2005/5/17,21.45541667
1312,2005/5/18,20.561875
1313,2005/5/19,19.69041667
1314,2005/5/20,19.76041667
1315,2005/5/21,20.13291667
1316,2005/5/22,18.15729167
1317,2005/5/23,19.319375
1318,2005/5/24,21.24916667
1319,2005/5/25,23.38541667
1320,2005/5/26,24.51291667
1321,2005/5/27,24.191875
1322,2005/5/28,22.25833333
1323,2005/5/29,20.20020833
1324,2005/5/30,22.20291667
1325,2005/5/31,24.051875
1326,2005/6/1,24.786875
1327,2005/6/2,24.22
1328,2005/6/3,23.85333333
1329,2005/6/4,23.720625
1330,2005/6/5,23.288125
1331,2005/6/6,22.97104167
1332,2005/6/7,22.83541667
1333,2005/6/8,22.10541667
1334,2005/6/9,21.66145833
1335,2005/6/10,21.93229167
1336,2005/6/11,22.54145833
1337,2005/6/12,23.06895833
1338,2005/6/13,23.93270833
1339,2005/6/14,24.71583333
1340,2005/6/15,24.4425
1341,2005/6/16,22.88354167
1342,2005/6/17,21.765625
1343,2005/6/18,21.55375
1344,2005/6/19,21.60229167
1345,2005/6/20,22.07125
1346,2005/6/21,22.23729167
1347,2005/6/22,22.47416667
1348,2005/6/23,23.1075
1349,2005/6/24,22.85354167
1350,2005/6/25,22.3625
1351,2005/6/26,22.23020833
1352,2005/6/27,22.064375
1353,2005/6/28,22.07770833
1354,2005/6/29,22.993125
1355,2005/6/30,24.121875
1356,2005/7/1,24.8475
1357,2005/7/2,25.03583333
1358,2005/7/3,24.80479167
1359,2005/7/4,25.04895833
1360,2005/7/5,24.99125
1361,2005/7/6,24.78958333
1362,2005/7/7,24.70354167
1363,2005/7/8,24.15395833
1364,2006/1/13,10.39
1365,2006/1/14,10.42708333
1366,2006/1/15,10.05708333
1367,2006/1/16,9.748333333
1368,2006/1/17,9.785833333
1369,2006/1/18,9.77375
1370,2006/1/19,9.40875
1371,2006/1/20,9.13125
1372,2006/1/21,9.285833333
1373,2006/1/22,9.215
1374,2006/1/23,8.806666667
1375,2006/1/24,8.9825
1376,2006/1/25,9.32875
1377,2006/1/26,9.762083333
1378,2006/1/27,9.986666667
1379,2006/1/28,10.05791667
1380,2006/1/29,10.56666667
1381,2006/1/30,11.11
1382,2006/1/31,10.53416667
1383,2006/2/1,10.6175
1384,2006/2/2,11.45
1385,2006/2/3,12.72166667
1386,2006/2/4,13.20583333
1387,2006/2/5,11.985
1388,2006/2/6,11.08666667
1389,2006/2/7,11.24791667
1390,2006/2/8,11.55208333
1391,2006/2/9,11.57083333
1392,2006/2/10,11.6425
1393,2006/2/11,12.1475
1394,2006/2/12,12.87708333
1395,2006/2/13,13.59125
1396,2006/2/14,13.79875
1397,2006/2/15,12.2825
1398,2006/2/16,11.0875
1399,2006/2/17,10.47708333
1400,2006/2/18,10.00625
1401,2006/2/19,10.26375
1402,2006/2/20,10.19916667
1403,2006/2/21,10.14
1404,2006/2/22,10.43208333
1405,2006/2/23,10.94041667
1406,2006/2/24,11.70125
1407,2006/2/25,12.51541667
1408,2006/2/26,12.86625
1409,2006/2/27,12.57541667
1410,2006/2/28,12.28333333
1411,2006/3/1,11.855
1412,2006/3/2,11.81708333
1413,2006/3/3,11.52583333
1414,2006/3/4,10.61791667
1415,2006/3/5,10.46958333
1416,2006/3/6,10.18708333
1417,2006/3/7,10.27208333
1418,2006/3/8,10.36041667
1419,2006/3/9,10.80958333
1420,2006/3/10,10.21916667
1421,2006/3/11,9.685833333
1422,2006/3/12,9.612083333
1423,2006/3/13,9.374583333
1424,2006/3/14,9.734583333
1425,2006/3/15,10.09083333
1426,2006/3/16,10.37291667
1427,2006/3/17,10.60666667
1428,2006/3/18,11.00958333
1429,2006/3/19,10.75458333
1430,2006/3/20,10.47125
1431,2006/3/21,10.22416667
1432,2006/3/22,11.15166667
1433,2006/3/23,12.38
1434,2006/3/24,12.96916667
1435,2006/3/25,13.52
1436,2006/3/26,13.31333333
1437,2006/3/27,13.57
1438,2006/3/28,12.7325
1439,2006/3/29,11.93416667
1440,2006/3/30,11.50125
1441,2006/3/31,11.70416667
1442,2006/4/1,11.4175
1443,2006/4/2,11.60565217
1444,2006/4/3,11.45041667
1445,2006/4/4,11.30708333
1446,2006/4/5,11.2375
1447,2006/4/6,11.47625
1448,2006/4/7,11.74791667
1449,2006/4/8,12.65625
1450,2006/4/9,13.1475
1451,2006/4/10,13.12875
1452,2006/4/11,12.78416667
1453,2006/4/12,12.65333333
1454,2006/4/13,12.71208333
1455,2006/4/14,13.67708333
1456,2006/4/15,13.40166667
1457,2006/4/16,13.275
1458,2006/4/17,12.86916667
1459,2006/4/18,13.27375
1460,2006/4/19,14.3325
1461,2006/4/20,14.68458333
1462,2006/4/21,14.54125
1463,2006/4/22,14.6075
1464,2006/4/23,15.01583333
1465,2006/4/24,14.85708333
1466,2006/4/25,14.40875
1467,2006/4/26,15.14791667
1468,2006/4/27,16.7875
1469,2006/4/28,18.27375
1470,2006/4/29,18.26541667
1471,2006/4/30,18.89083333
1472,2006/5/1,19.64583333
1473,2006/5/2,19.77375
1474,2006/5/3,19.17416667
1475,2006/5/4,18.0025
1476,2006/5/5,18.04416667
1477,2006/5/6,18.27916667
1478,2006/5/7,19.23166667
1479,2006/5/8,21.0375
1480,2006/5/9,21.49541667
1481,2006/5/10,22.16375
1482,2006/5/11,22.87166667
1483,2006/5/12,22.77458333
1484,2006/5/13,22.50875
1485,2006/5/14,22.90583333
1486,2006/5/15,24.15583333
1487,2006/5/16,24.46
1488,2006/5/17,24.47208333
1489,2006/5/18,24.42541667
1490,2006/5/19,23.325
1491,2006/5/20,22.30708333
1492,2006/5/21,21.57875
1493,2006/5/22,21.50083333
1494,2006/5/23,21.42541667
1495,2006/5/24,21.57875
1496,2006/5/25,21.46791667
1497,2006/5/26,21.09541667
1498,2006/5/27,20.92458333
1499,2006/5/28,21.01666667
1500,2006/5/29,21.53625
1501,2006/5/30,21.97333333
1502,2006/5/31,22.79083333
1503,2006/6/1,23.3425
1504,2006/6/2,23.81583333
1505,2006/6/3,24.59958333
1506,2006/6/4,25.14875
1507,2006/6/5,25.4475
1508,2006/6/6,25.39125
1509,2006/6/7,25.02666667
1510,2006/6/8,24.63541667
1511,2006/6/9,24.74458333
1512,2006/6/10,24.29416667
1513,2006/6/11,23.62708333
1514,2006/6/12,22.67583333
1515,2006/6/13,22.33458333
1516,2006/6/14,22.33458333
1517,2006/6/15,22.90333333
1518,2006/6/16,24.08
1519,2006/6/17,25.14333333
1520,2006/6/18,25.49
1521,2006/6/19,25.1425
1522,2006/6/20,25.52666667
1523,2006/6/21,25.775
1524,2006/6/22,25.97333333
1525,2006/6/23,26.55791667
1526,2006/6/24,26.73208333
1527,2006/6/25,26.65916667
1528,2006/6/26,26.77083333
1529,2006/6/27,26.54875
1530,2006/6/28,25.95083333
1531,2006/6/29,25.84833333
1532,2006/6/30,25.314
1533,2007/1/5,7.952727273
1534,2007/1/6,7.667083333
1535,2007/1/7,7.224583333
1536,2007/1/8,7.435833333
1537,2007/1/9,7.659166667
1538,2007/1/10,7.492083333
1539,2007/1/11,7.414583333
1540,2007/1/12,6.77125
1541,2007/1/13,5.954166667
1542,2007/1/14,5.325
1543,2007/1/15,4.987916667
1544,2007/1/16,4.762916667
1545,2007/1/17,4.60125
1546,2007/1/18,4.60875
1547,2007/1/19,5.012083333
1548,2007/1/20,5.429166667
1549,2007/1/21,5.812916667
1550,2007/1/22,6.174166667
1551,2007/1/23,6.433333333
1552,2007/1/24,6.699166667
1553,2007/1/25,7.120833333
1554,2007/1/26,7.517916667
1555,2007/1/27,7.764583333
1556,2007/1/28,8.149166667
1557,2007/1/29,8.595833333
1558,2007/1/30,9.032916667
1559,2007/1/31,9.185833333
1560,2007/2/1,8.92875
1561,2007/2/2,8.924583333
1562,2007/2/3,9.300833333
1563,2007/2/4,9.7975
1564,2007/2/5,9.98625
1565,2007/2/6,10.30041667
1566,2007/2/7,10.83791667
1567,2007/2/8,11.17833333
1568,2007/2/9,11.61
1569,2007/2/10,12.06958333
1570,2007/2/11,12.74875
1571,2007/2/12,12.9375
1572,2007/2/13,12.59666667
1573,2007/2/14,12.51916667
1574,2007/2/15,12.74583333
1575,2007/2/16,13.14375
1576,2007/2/17,13.85416667
1577,2007/2/18,14.14291667
1578,2007/2/19,13.47125
1579,2007/2/20,12.84791667
1580,2007/2/21,12.43583333
1581,2007/2/22,12.44083333
1582,2007/2/23,12.1325
1583,2007/2/24,11.80625
1584,2007/2/25,11.46791667
1585,2007/2/26,11.2525
1586,2007/2/27,10.96166667
1587,2007/2/28,10.43125
1588,2007/3/1,10.19
1589,2007/3/2,10.65833333
1590,2007/3/3,11.43291667
1591,2007/3/4,12.39166667
1592,2007/3/5,13.38208333
1593,2007/3/6,14.2275
1594,2007/3/7,14.99625
1595,2007/3/8,15.35958333
1596,2007/3/9,15.1875
1597,2007/3/10,15.14833333
1598,2007/3/11,15.58478261
1599,2007/3/12,16.3525
1600,2007/3/13,17.39666667
1601,2007/3/14,18.1344
1602,2007/3/15,18.59333333
1603,2007/3/16,19.025
1604,2007/3/17,19.39041667
1605,2007/3/18,19.30208333
1606,2007/3/19,19.22791667
1607,2007/3/20,18.95125
1608,2007/3/21,18.24333333
1609,2007/3/22,17.56625
1610,2007/3/23,17.57625
1611,2007/3/24,17.94833333
1612,2007/3/25,17.76916667
1613,2007/3/26,17.40125
1614,2007/3/27,16.63666667
1615,2007/3/28,15.94666667
1616,2007/3/29,15.59875
1617,2007/3/30,15.94708333
1618,2007/3/31,16.60375
1619,2007/4/1,16.90333333
1620,2007/4/2,17.15416667
1621,2007/4/3,17.64333333
1622,2007/4/4,18.13666667
1623,2007/4/5,18.70166667
1624,2007/4/6,18.85583333
1625,2007/4/7,18.82166667
1626,2007/4/8,18.80083333
1627,2007/4/9,18.89625
1628,2007/4/10,19.03166667
1629,2007/4/11,18.86958333
1630,2007/4/12,18.06291667
1631,2007/4/13,17.93041667
1632,2007/4/14,17.06208333
1633,2007/4/15,16.60375
1634,2007/4/16,16.65
1635,2007/4/17,16.53666667
1636,2007/4/18,16.425
1637,2007/4/19,16.5175
1638,2007/4/20,16.96875
1639,2007/4/21,16.62333333
1640,2007/4/22,16.2975
1641,2007/4/23,16.69083333
1642,2007/4/24,17.60916667
1643,2007/4/25,18.12375
1644,2007/4/26,18.67791667
1645,2007/4/27,19.76791667
1646,2007/4/28,20.99416667
1647,2007/4/29,21.39541667
1648,2007/4/30,21.48625
1649,2007/5/1,21.00125
1650,2007/5/2,20.71666667
1651,2007/5/3,20.18708333
1652,2007/5/4,19.55375
1653,2007/5/5,19.2825
1654,2007/5/6,19.16875
1655,2007/5/7,20.04541667
1656,2007/5/8,21.21875
1657,2007/5/9,21.87541667
1658,2007/5/10,21.44416667
1659,2007/5/11,20.975
1660,2007/5/12,19.74166667
1661,2007/5/13,19.4925
1662,2007/5/14,20.15375
1663,2007/5/15,20.37583333
1664,2007/5/16,19.92863636
1665,2007/5/17,19.92291667
1666,2007/5/18,20.10583333
1667,2007/5/19,20.4525
1668,2007/5/20,20.92916667
1669,2007/5/21,21.24416667
1670,2007/5/22,21.1675
1671,2007/5/23,21.135
1672,2007/5/24,21.9025
1673,2007/5/25,22.41791667
1674,2007/5/26,22.31208333
1675,2007/5/27,21.70041667
1676,2007/5/28,21.605
1677,2007/5/29,21.51416667
1678,2007/5/30,20.41166667
1679,2007/5/31,19.74333333
1680,2007/6/1,19.63375
1681,2007/6/2,19.89166667
1682,2007/6/3,20.5575
1683,2007/6/4,21.07041667
1684,2007/6/5,21.00333333
1685,2007/6/6,20.66291667
1686,2007/6/7,21.16875
1687,2007/6/8,21.61916667
1688,2007/6/9,22.01291667
1689,2007/6/10,22.41041667
1690,2007/6/11,22.48541667
1691,2007/6/12,22.91416667
1692,2007/6/13,23.79208333
1693,2007/6/14,24.90375
1694,2007/6/15,25.97208333
1695,2007/6/16,25.23791667
1696,2007/6/17,24.75458333
1697,2007/6/18,25.23166667
1698,2007/6/19,24.79125
1699,2007/6/20,23.77958333
1700,2007/6/21,23.66416667
1701,2007/6/22,23.5025
1702,2008/1/11,8.7525
1703,2008/1/12,8.992083333
1704,2008/1/13,9.270416667
1705,2008/1/14,9.2975
1706,2008/1/15,9.2975
1707,2008/1/16,8.540416667
1708,2008/1/17,7.817916667
1709,2008/1/18,7.319166667
1710,2008/1/19,7.279583333
1711,2008/1/20,7.487083333
1712,2008/1/21,7.345416667
1713,2008/1/22,7.384166667
1714,2008/1/23,7.052916667
1715,2008/1/24,6.6025
1716,2008/1/25,6.647083333
1717,2008/1/26,7.379583333
1718,2008/1/27,8.585416667
1719,2008/1/28,8.68625
1720,2008/1/29,7.767083333
1721,2008/1/30,7.225416667
1722,2008/1/31,7.481666667
1723,2008/2/1,7.400416667
1724,2008/2/2,7.2225
1725,2008/2/3,7.37625
1726,2008/2/4,7.62
1727,2008/2/5,7.355
1728,2008/2/6,7.825
1729,2008/2/7,8.547916667
1730,2008/2/8,9.250833333
1731,2008/2/9,9.842083333
1732,2008/2/10,10.65041667
1733,2008/2/11,11.535
1734,2008/2/12,12.30666667
1735,2008/2/13,12.67041667
1736,2008/2/14,10.21416667
1737,2008/2/15,9.574583333
1738,2008/2/16,10.22416667
1739,2008/2/17,10.89208333
1740,2008/2/18,11.5125
1741,2008/2/19,11.4912
1742,2008/2/20,11.775
1743,2008/2/21,11.99333333
1744,2008/2/22,11.92875
1745,2008/2/23,11.28166667
1746,2008/2/24,10.635
1747,2008/2/25,10.68125
1748,2008/2/26,11.21083333
1749,2008/2/27,12.17958333
1750,2008/2/28,13.53375
1751,2008/2/29,14.59833333
1752,2008/3/1,14.67666667
1753,2008/3/2,13.09625
1754,2008/3/3,12.08791667
1755,2008/3/4,13.05708333
1756,2008/3/5,13.3475
1757,2008/3/6,13.02541667
1758,2008/3/7,13.02458333
1759,2008/3/8,13.5725
1760,2008/3/9,14.29521739
1761,2008/3/10,14.83166667
1762,2008/3/11,15.48
1763,2008/3/12,15.61875
1764,2008/3/13,15.65166667
1765,2008/3/14,15.67208333
1766,2008/3/15,15.32125
1767,2008/3/16,14.3975
1768,2008/3/17,13.93208333
1769,2008/3/18,14.17958333
1770,2008/3/19,14.85291667
1771,2008/3/20,15.47416667
1772,2008/3/21,15.7225
1773,2008/3/22,15.77583333
1774,2008/3/23,16.40666667
1775,2008/3/24,16.88807692
1776,2008/3/25,17.35083333
1777,2008/3/26,17.11916667
1778,2008/3/27,16.92708333
1779,2008/3/28,16.31291667
1780,2008/3/29,15.94666667
1781,2008/3/30,15.82208333
1782,2008/3/31,15.6575
1783,2008/4/1,15.76333333
1784,2008/4/2,15.68416667
1785,2008/4/3,15.88916667
1786,2008/4/4,16.02
1787,2008/4/5,15.84916667
1788,2008/4/6,16.0675
1789,2008/4/7,16.1075
1790,2008/4/8,16.27375
1791,2008/4/9,16.28541667
1792,2008/4/10,16.84791667
1793,2008/4/11,17.42458333
1794,2008/4/12,18.44833333
1795,2008/4/13,19.51041667
1796,2008/4/14,19.24
1797,2008/4/15,18.50916667
1798,2008/4/16,18.27958333
1799,2008/4/17,18.2725
1800,2008/4/18,18.48208333
1801,2008/4/19,17.84333333
1802,2008/4/20,17.23291667
1803,2008/4/21,17.06625
1804,2008/4/22,17.00625
1805,2008/4/23,17.13791667
1806,2008/4/24,16.91458333
1807,2008/4/25,17.5125
1808,2008/4/26,18.55125
1809,2008/4/27,19.65791667
1810,2008/4/28,20.41217391
1811,2008/4/29,20.04458333
1812,2008/4/30,19.3275
1813,2008/5/1,19.05
1814,2008/5/2,19.05833333
1815,2008/5/3,19.00291667
1816,2008/5/4,19.48333333
1817,2008/5/5,19.69416667
1818,2008/5/6,19.80666667
1819,2008/5/7,20.22083333
1820,2008/5/8,20.505
1821,2008/5/9,20.49791667
1822,2008/5/10,20.715
1823,2008/5/11,20.89791667
1824,2008/5/12,20.58583333
1825,2008/5/13,20.63416667
1826,2008/5/14,21.26416667
1827,2008/5/15,21.96291667
1828,2008/5/16,23.16375
1829,2008/5/17,24.3625
1830,2008/5/18,24.78
1831,2008/5/19,24.54125
1832,2008/5/20,23.6725
1833,2008/5/21,22.5716
1834,2008/5/22,20.99708333
1835,2008/5/23,19.64041667
1836,2008/5/24,18.80125
1837,2008/5/25,19.07875
1838,2008/5/26,19.38083333
1839,2008/5/27,19.51166667
1840,2008/5/28,19.46416667
1841,2008/5/29,19.56541667
1842,2008/5/30,19.82208333
1843,2008/5/31,19.88291667
1844,2008/6/1,19.86916667
1845,2008/6/2,20.20708333
1846,2008/6/3,20.295
1847,2008/6/4,20.316
1848,2008/6/5,20.72916667
1849,2008/6/6,21.26166667
1850,2008/6/7,21.51791667
1851,2008/6/8,21.97625
1852,2008/6/9,23.04583333
1853,2008/6/10,23.34
1854,2008/6/11,22.08083333
1855,2008/6/12,21.86458333
1856,2008/6/13,22.38541667
1857,2008/6/14,22.67208333
1858,2008/6/15,22.39333333
1859,2008/6/16,22.2325
1860,2008/6/17,22.52833333
1861,2008/6/18,23.59125
1862,2008/6/19,24.3375
1863,2008/6/20,25.385
1864,2008/6/21,26.51333333
1865,2008/6/22,26.30583333
1866,2008/6/23,25.23541667
1867,2008/6/24,24.48541667
1868,2008/6/25,23.86458333
1869,2008/6/26,23.03818182
1870,2009/1/6,7.18
1871,2009/1/7,7.013333333
1872,2009/1/8,7.184583333
1873,2009/1/9,6.94125
1874,2009/1/10,6.89625
1875,2009/1/11,6.966666667
1876,2009/1/12,7.13375
1877,2009/1/13,7.585
1878,2009/1/14,7.932083333
1879,2009/1/15,8.38125
1880,2009/1/16,8.801666667
1881,2009/1/17,9.0075
1882,2009/1/18,9.219583333
1883,2009/1/19,9.297916667
1884,2009/1/20,9.297083333
1885,2009/1/21,9.336666667
1886,2009/1/22,9.61375
1887,2009/1/23,10.0675
1888,2009/1/24,10.53
1889,2009/1/25,10.6275
1890,2009/1/26,10.74875
1891,2009/1/27,10.19833333
1892,2009/1/28,9.627916667
1893,2009/1/29,9.355833333
1894,2009/2/11,10.625
1895,2009/2/12,10.02083333
1896,2009/2/13,9.705
1897,2009/2/14,9.427916667
1898,2009/2/15,9.22875
1899,2009/2/16,9.003333333
1900,2009/2/17,8.890416667
1901,2009/2/18,9.382916667
1902,2009/2/19,9.744166667
1903,2009/2/20,10.25
1904,2009/2/21,10.8025
1905,2009/2/22,11.28666667
1906,2009/2/23,11.9825
1907,2009/2/24,12.89625
1908,2009/2/25,13.49625
1909,2009/2/26,13.69583333
1910,2009/2/27,13.63041667
1911,2009/2/28,13.765
1912,2009/3/1,13.6625
1913,2009/3/2,13.27
1914,2009/3/3,12.82416667
1915,2009/3/4,11.96958333
1916,2009/3/5,11.98166667
1917,2009/3/6,12.3525
1918,2009/3/7,12.74708333
1919,2009/3/8,13.01
1920,2009/3/9,12.88291667
1921,2009/3/10,12.6625
1922,2009/3/11,12.76041667
1923,2009/3/12,12.63583333
1924,2009/3/13,14.69769231
1925,2009/3/14,14.13375
1926,2009/3/15,13.73875
1927,2009/3/16,13.99875
1928,2009/3/17,14.9725
1929,2009/3/18,15.98375
1930,2009/3/19,16.87416667
1931,2009/3/20,17.51
1932,2009/3/21,16.92875
1933,2009/3/22,15.83958333
1934,2009/3/23,14.71333333
1935,2009/3/24,14.71833333
1936,2009/3/25,15.42333333
1937,2009/3/26,16.21041667
1938,2009/3/27,16.63541667
1939,2009/3/28,17.37
1940,2009/3/29,17.20541667
1941,2009/3/30,15.13875
1942,2009/3/31,15.17416667
1943,2009/4/1,15.75913043
1944,2009/4/2,16.23083333
1945,2009/4/3,16.28416667
1946,2009/4/4,15.88625
1947,2009/4/5,15.88666667
1948,2009/4/6,16.31833333
1949,2009/4/7,16.41412698
1950,2009/4/8,16.3453125
1951,2009/4/9,16.216875
1952,2009/4/10,16.19447917
1953,2009/4/11,16.49177083
1954,2009/4/12,17.14989583
1955,2009/4/13,18.00178947
1956,2009/4/14,17.82072917
1957,2009/4/15,16.85927083
1958,2009/4/16,16.3896875
1959,2009/4/17,16.62895833
1960,2009/4/18,17.500625
1961,2009/4/19,18.65364583
1962,2009/4/20,19.796875
1963,2009/4/21,21
1964,2009/4/22,22.09572917
1965,2009/4/23,21.38322917
1966,2009/4/24,19.8828125
1967,2009/4/25,19.53989583
1968,2009/4/26,19.2615625
1969,2009/4/27,19.04947917
1970,2009/4/28,18.13895833
1971,2009/4/29,17.90052083
1972,2009/4/30,17.61760417
1973,2009/5/1,17.49114583
1974,2009/5/2,17.07447917
1975,2009/5/3,17.09635417
1976,2009/5/4,17.26041667
1977,2009/5/5,17.99135417
1978,2009/5/6,19.001875
1979,2009/5/7,19.78979167
1980,2009/5/8,20.2275
1981,2009/5/9,20.98270833
1982,2009/5/10,21.90322917
1983,2009/5/11,22.46489583
1984,2009/5/12,22.17322917
1985,2009/5/13,22.31302083
1986,2009/5/14,22.51416667
1987,2009/5/15,22.96697917
1988,2009/5/16,23.863125
1989,2009/5/17,25.2125
1990,2009/5/18,25.98677083
1991,2009/5/19,23.75364583
1992,2009/5/20,22.44052083
1993,2009/5/21,21.97395833
1994,2009/5/22,21.76791667
1995,2009/5/23,21.2240625
1996,2009/5/24,20.35572917
1997,2009/5/25,20.3828125
1998,2009/5/26,21.21708333
1999,2009/5/27,22.52385417
2000,2009/5/28,23.34041667
2001,2009/5/29,23.08604167
2002,2009/5/30,21.81666667
2003,2009/5/31,20.95114583
2004,2009/6/1,20.24239583
2005,2009/6/2,19.93375
2006,2009/6/3,20.27197917
2007,2009/6/4,20.42166667
2008,2009/6/5,20.24197917
2009,2009/6/6,20.53322917
2010,2009/6/7,21.01604167
2011,2009/6/8,21.32760417
2012,2009/6/9,20.89802083
2013,2009/6/10,20.94385417
2014,2009/6/11,21.25083333
2015,2009/6/12,21.38166667
2016,2009/6/13,21.1975
2017,2009/6/14,21.39291667
2018,2009/6/15,21.40510417
2019,2009/6/16,21.36197917
2020,2009/6/17,21.62145833
2021,2009/6/18,22.48885417
2022,2009/6/19,23.48
2023,2009/6/20,22.84427083
2024,2009/6/21,22.11583333
2025,2009/6/22,22.5596875
2026,2009/6/23,23.269375
2027,2009/6/24,24.05229167
2028,2009/6/25,23.59989583
2029,2009/6/26,22.66288889
2030,2010/1/5,9.674117647
2031,2010/1/6,9.584736842
2032,2010/1/7,9.504479167
2033,2010/1/8,9.499583333
2034,2010/1/9,9.413229167
2035,2010/1/10,9.3515625
2036,2010/1/11,9.268541667
2037,2010/1/12,9.423645833
2038,2010/1/13,10.07729167
2039,2010/1/14,10.5871875
2040,2010/1/15,10.91833333
2041,2010/1/16,10.86010417
2042,2010/1/17,10.70697917
2043,2010/1/18,10.661875
2044,2010/1/19,10.46989583
2045,2010/1/20,9.694375
2046,2010/1/21,9.014166667
2047,2010/1/22,8.048020833
2048,2010/1/23,7.792395833
2049,2010/1/24,8.0009375
2050,2010/1/25,8.224166667
2051,2010/1/26,8.612395833
2052,2010/1/27,8.799895833
2053,2010/1/28,9.261354167
2054,2010/1/29,9.738229167
2055,2010/1/30,10.330625
2056,2010/1/31,10.68666667
2057,2010/2/1,11.069375
2058,2010/2/2,10.71708333
2059,2010/2/3,10.94177083
2060,2010/2/4,11.28385417
2061,2010/2/5,11.5771875
2062,2010/2/6,12.01916667
2063,2010/2/7,11.9609375
2064,2010/2/8,12.0984375
2065,2010/2/9,11.93083333
2066,2010/2/10,11.344375
2067,2010/2/11,11.64875
2068,2010/2/12,12.37916667
2069,2010/2/13,13.16291667
2070,2010/2/14,13.48739583
2071,2010/2/15,13.973125
2072,2010/2/16,14.71135417
2073,2010/2/17,15.2625
2074,2010/2/18,15.74489583
2075,2010/2/19,15.19895833
2076,2010/2/20,14.33708333
2077,2010/2/21,13.204375
2078,2010/2/22,12.65666667
2079,2010/2/23,12.47989583
2080,2010/2/24,11.74927083
2081,2010/2/25,11.9003125
2082,2010/2/26,12.37208333
2083,2010/2/27,11.8771875
2084,2010/2/28,12.100625
2085,2010/3/1,12.9815625
2086,2010/3/2,13.25854167
2087,2010/3/3,12.67395833
2088,2010/3/4,12.3253125
2089,2010/3/5,12.2215625
2090,2010/3/6,12.12072917
2091,2010/3/7,12.53145833
2092,2010/3/8,12.8115625
2093,2010/3/9,12.59947917
2094,2010/3/10,12.58020833
2095,2010/3/11,12.80854167
2096,2010/3/12,12.911875
2097,2010/3/13,12.38916667
2098,2010/3/14,11.92125
2099,2010/3/15,12.58583333
2100,2010/3/16,14.01315789
2101,2010/3/17,15.309375
2102,2010/3/18,16.05020833
2103,2010/3/19,16.1575
2104,2010/3/20,16.24635417
2105,2010/3/21,16.44020833
2106,2010/3/22,16.74802083
2107,2010/3/23,16.62291667
2108,2010/3/24,16.62520833
2109,2010/3/25,16.26885417
2110,2010/3/26,16.0703125
2111,2010/3/27,16.25854167
2112,2010/3/28,16.61229167
2113,2010/3/29,16.7375
2114,2010/3/30,16.66885417
2115,2010/3/31,16.06947917
2116,2010/4/1,15.5965625
2117,2010/4/2,14.7909375
2118,2010/4/3,13.92541667
2119,2010/4/4,13.315
2120,2010/4/5,12.923125
2121,2010/4/6,13.55927083
2122,2010/4/7,14.58802083
2123,2010/4/8,15.61552083
2124,2010/4/9,16.12739583
2125,2010/4/10,16.14916667
2126,2010/4/11,15.31677083
2127,2010/4/12,14.16145833
2128,2010/4/13,13.5734375
2129,2010/4/14,13.9471875
2130,2010/4/15,14.9540625
2131,2010/4/16,15.64770833
2132,2010/4/17,16.97354167
2133,2010/4/18,18.3878125
2134,2010/4/19,18.86645833
2135,2010/4/20,17.66833333
2136,2010/4/21,16.05708333
2137,2010/4/22,15.34104167
2138,2010/4/23,17.28270833
2139,2010/4/24,18.63854167
2140,2010/4/25,19.90395833
2141,2010/4/26,20.41635417
2142,2010/4/27,19.62135417
2143,2010/4/28,18.12489583
2144,2010/4/29,16.9728125
2145,2010/4/30,16.7515625
2146,2010/5/1,17.480625
2147,2010/5/2,18.16604167
2148,2010/5/3,19.08447917
2149,2010/5/4,19.5684375
2150,2010/5/5,20.03104167
2151,2010/5/6,19.083125
2152,2010/5/7,18.28229167
2153,2010/5/8,18.30197917
2154,2010/5/9,18.40041667
2155,2010/5/10,17.71885417
2156,2010/5/11,17.54770833
2157,2010/5/12,17.99197917
2158,2010/5/13,18.7196875
2159,2010/5/14,19.9415625
2160,2010/5/15,21.0175
2161,2010/5/16,21.05666667
2162,2010/5/17,19.786875
2163,2010/5/18,19.71875
2164,2010/5/19,19.62239583
2165,2010/5/20,19.50739583
2166,2010/5/21,19.1975
2167,2010/5/22,18.59625
2168,2010/5/23,18.501875
2169,2010/5/24,18.20083333
2170,2010/5/25,18.10604167
2171,2010/5/26,18.38666667
2172,2010/5/27,18.35708333
2173,2010/5/28,18.20791667
2174,2010/5/29,19.11052083
2175,2010/5/30,20.301875
2176,2010/5/31,21.12625
2177,2010/6/1,21.25989583
2178,2010/6/2,21.45697917
2179,2010/6/3,21.97583333
2180,2010/6/4,22.3628125
2181,2010/6/5,23.1959375
2182,2010/6/6,23.8253125
2183,2010/6/7,23.83822917
2184,2010/6/8,23.48864583
2185,2010/6/9,22.25583333
2186,2010/6/10,21.62895833
2187,2010/6/11,21.49989583
2188,2010/6/12,21.48947917
2189,2010/6/13,22.39979167
2190,2010/6/14,23.4328125
2191,2010/6/15,23.1540625
2192,2010/6/16,22.89520833
2193,2010/6/17,23.26729167
2194,2010/6/18,23.0621875
2195,2010/6/19,21.91791667
2196,2010/6/20,21.638125
2197,2010/6/21,22.1184375
2198,2010/6/22,21.95684211
2199,2010/12/27,10.39392857
2200,2010/12/28,10.21083333
2201,2010/12/29,9.9375
2202,2010/12/30,8.897291667
2203,2010/12/31,8.175416667
2204,2011/1/1,7.789270833
2205,2011/1/2,7.245625
2206,2011/1/3,7.327291667
2207,2011/1/4,7.3634375
2208,2011/1/5,7.25625
2209,2011/1/6,7.230104167
2210,2011/1/7,6.979479167
2211,2011/1/8,6.6196875
2212,2011/1/9,6.380520833
2213,2011/1/10,6.312604167
2214,2011/1/11,6.3296875
2215,2011/1/12,6.711041667
2216,2011/1/13,7.343229167
2217,2011/1/14,8.118541667
2218,2011/1/15,8.9771875
2219,2011/1/16,9.648229167
2220,2011/1/17,10.05729167
2221,2011/1/18,10.48833333
2222,2011/1/19,10.61989583
2223,2011/1/20,10.5109375
2224,2011/1/21,10.49125
2225,2011/1/22,10.65875
2226,2011/1/23,10.78427083
2227,2011/1/24,10.75760417
2228,2011/1/25,10.70260417
2229,2011/1/26,10.6434375
2230,2011/1/27,10.476875
2231,2011/1/28,10.341875
2232,2011/1/29,10.16645833
2233,2011/1/30,9.9575
2234,2011/1/31,9.760729167
2235,2011/2/1,9.8065625
2236,2011/2/2,9.699270833
2237,2011/2/3,9.4609375
2238,2011/2/4,9.581041667
2239,2011/2/5,10.1825
2240,2011/2/6,11.1515625
2241,2011/2/7,11.83708333
2242,2011/2/8,11.27458333
2243,2011/2/9,10.46239583
2244,2011/2/10,10.24
2245,2011/2/11,10.401875
2246,2011/2/12,10.84083333
2247,2011/2/13,11.01708333
2248,2011/2/14,10.74083333
2249,2011/2/15,10.8959375
2250,2011/2/16,11.0909375
2251,2011/2/17,10.548125
2252,2011/2/18,9.3584375
2253,2011/2/19,8.254583333
2254,2011/2/20,8.107291667
2255,2011/2/21,8.313645833
2256,2011/2/22,8.87625
2257,2011/2/23,9.5796875
2258,2011/2/24,9.6903125
2259,2011/2/25,9.432604167
2260,2011/2/26,9.1996875
2261,2011/2/27,9.042708333
2262,2011/2/28,9.370416667
2263,2011/3/1,10.09125
2264,2011/3/2,10.73020833
2265,2011/3/3,11.52604167
2266,2011/3/4,12.39854167
2267,2011/3/5,12.94541667
2268,2011/3/6,13.44520833
2269,2011/3/7,13.5959375
2270,2011/3/8,13.92833333
2271,2011/3/9,14.269375
2272,2011/3/10,14.12916667
2273,2011/3/11,14.01072917
2274,2011/3/12,14.21677083
2275,2011/3/13,14.24416667
2276,2011/3/14,14.2525
2277,2011/3/15,14.65177083
2278,2011/3/16,14.28864583
2279,2011/3/17,14.0859375
2280,2011/5/4,19.74020408
2281,2011/5/5,20.34166667
2282,2011/5/6,21.230625
2283,2011/5/7,20.70260417
2284,2011/5/8,19.61729167
2285,2011/5/9,19.05729167
2286,2011/5/10,19.41447917
2287,2011/5/11,19.31583333
2288,2011/5/12,19.07260417
2289,2011/5/13,19.4778125
2290,2011/5/14,18.85885417
2291,2011/5/15,17.813125
2292,2011/5/16,17.33510417
2293,2011/5/17,16.760625
2294,2011/5/18,16.5678125
2295,2011/5/19,17.50791667
2296,2011/5/20,19.04677083
2297,2011/5/21,19.79447917
2298,2011/5/22,19.994375
2299,2011/5/23,20.1015625
2300,2011/5/24,20.45177083
2301,2011/5/25,19.97239583
2302,2011/5/26,19.40947917
2303,2011/5/27,19.47375
2304,2011/5/28,19.27708333
2305,2011/5/29,19.11
2306,2011/5/30,18.68791667
2307,2011/5/31,18.594375
2308,2011/6/1,18.2046875
2309,2011/6/2,17.8946875
2310,2011/6/3,18.25260417
2311,2011/6/4,18.10916667
2312,2011/6/5,17.64302083
2313,2011/6/6,17.93354167
2314,2011/6/7,18.50041667
2315,2011/6/8,19.3353125
2316,2011/6/9,20.96739583
2317,2011/6/10,21.81333333
2318,2011/6/11,22.0846875
2319,2011/6/12,22.36052083
2320,2011/6/13,23.20583333
2321,2011/6/14,24.379375
2322,2011/6/15,25.3490625
2323,2011/6/16,25.45895833
2324,2011/6/17,25.30354167
2325,2011/6/18,25.07708333
2326,2011/6/19,24.92291667
2327,2011/6/20,25.2984375
2328,2011/6/21,26.25322917
2329,2011/6/22,26.9415625
2330,2011/6/23,26.40177083
2331,2011/6/24,25.30895833
2332,2011/6/25,24.85395833
2333,2011/6/26,24.325
2334,2011/6/27,23.98239583
2335,2011/6/28,22.60041667
2336,2011/6/29,21.76208333
2337,2011/6/30,22.251875
2338,2011/7/1,23.45583333
2339,2011/7/2,25.27708333
2340,2011/7/3,26.30458333
2341,2011/7/4,27.31729167
2342,2011/7/5,28.05833333
2343,2011/7/6,28.23583333
2344,2011/7/7,27.50020833
2345,2011/7/8,27.005625
2346,2011/7/9,26.26260417
2347,2011/7/10,25.0065625
2348,2011/7/11,24.015625
2349,2011/7/12,23.00114583
2350,2011/7/13,22.35166667
2351,2011/7/14,22.22583333
2352,2011/7/15,22.30072917
2353,2011/7/16,22.17375
2354,2011/7/17,22.29239583
2355,2011/7/18,22.38395833
2356,2011/7/19,23.07947917
2357,2011/7/20,24.23322917
2358,2011/7/21,25.24270833
2359,2011/7/22,25.63447917
2360,2011/7/23,25.28479167
2361,2011/7/24,24.17083333
2362,2011/7/25,23.1775
2363,2011/7/26,22.67073171
2364,2012/1/3,8.449411765
2365,2012/1/4,8.377708333
2366,2012/1/5,8.561979167
2367,2012/1/6,8.7134375
2368,2012/1/7,8.8528125
2369,2012/1/8,8.721458333
2370,2012/1/9,8.530625
2371,2012/1/10,8.482916667
2372,2012/1/11,8.388229167
2373,2012/1/12,8.371318681
2374,2012/1/13,8.347912088
2375,2012/1/14,8.266704545
2376,2012/1/15,8.101847826
2377,2012/1/16,7.648901099
2378,2012/1/17,7.097325581
2379,2012/1/18,6.982619048
2380,2012/1/19,6.696041667
2381,2012/1/20,6.6103125
2382,2012/1/21,7.403854167
2383,2012/1/22,7.919166667
2384,2012/1/23,8.428020833
2385,2012/1/24,8.527291667
2386,2012/1/25,9.098645833
2387,2012/1/26,9.719270833
2388,2012/1/27,10.11145833
2389,2012/1/28,10.08916667
2390,2012/1/29,9.983125
2391,2012/1/30,10.21375
2392,2012/1/31,10.39333333
2393,2012/2/1,10.6796875
2394,2012/2/2,10.79666667
2395,2012/2/3,10.67666667
2396,2012/2/4,10.7559375
2397,2012/2/5,10.76739583
2398,2012/2/6,10.70614583
2399,2012/2/7,10.77104167
2400,2012/2/8,11.12447917
2401,2012/2/9,11.61635417
2402,2012/2/10,12.27625
2403,2012/2/11,12.63677083
2404,2012/2/12,12.6878125
2405,2012/2/13,12.41875
2406,2012/2/14,11.9340625
2407,2012/2/15,11.58135417
2408,2012/2/16,10.97625
2409,2012/2/17,10.86458333
2410,2012/2/18,11.0928125
2411,2012/2/19,11.01739583
2412,2012/2/20,10.96541667
2413,2012/2/21,11.521875
2414,2012/2/22,11.87739583
2415,2012/2/23,12.30614583
2416,2012/2/24,12.23697917
2417,2012/2/25,12.49395833
2418,2012/2/26,11.92854167
2419,2012/2/27,11.65708333
2420,2012/2/28,11.54947917
2421,2012/2/29,11.218125
2422,2012/3/1,11.01677083
2423,2012/3/2,10.99770833
2424,2012/3/3,11.2184375
2425,2012/3/4,11.84270833
2426,2012/3/5,12.71270833
2427,2012/3/6,12.89333333
2428,2012/3/7,12.16305263
2429,2012/3/8,12.064375
2430,2012/3/9,12.4353125
2431,2012/3/10,12.80947917
2432,2012/3/11,12.80104167
2433,2012/3/12,12.958125
2434,2012/3/13,13.07427083
2435,2012/3/14,13.08916667
2436,2012/3/15,13.32989583
2437,2012/3/16,13.50875
2438,2012/3/17,13.12541667
2439,2012/3/18,12.5021875
2440,2012/3/19,12.26416667
2441,2012/3/20,12.98520833
2442,2012/3/21,13.78333333
2443,2012/3/22,14.65958333
2444,2012/3/23,14.68041667
2445,2012/3/24,14.79604167
2446,2012/3/25,14.3028125
2447,2012/3/26,14.02989583
2448,2012/3/27,13.716875
2449,2012/3/28,13.66322917
2450,2012/3/29,13.53458333
2451,2012/3/30,14.21625
2452,2012/3/31,14.43541667
2453,2012/4/1,14.39604167
2454,2012/4/2,14.69125
2455,2012/4/3,15.10791667
2456,2012/4/4,15.51489583
2457,2012/4/5,15.44208333
2458,2012/4/6,15.48447917
2459,2012/4/7,15.71114583
2460,2012/4/8,16.19572917
2461,2012/4/9,16.58322917
2462,2012/4/10,16.57427083
2463,2012/4/11,16.2390625
2464,2012/4/12,15.75020833
2465,2012/4/13,15.15395833
2466,2012/4/14,15.14979167
2467,2012/4/15,16.11416667
2468,2012/4/16,16.642
2469,2012/5/2,20.74789474
2470,2012/5/3,19.37604167
2471,2012/5/4,19.20052083
2472,2012/5/5,19.22979167
2473,2012/5/6,19.305625
2474,2012/5/7,20.06333333
2475,2012/5/8,21.04572917
2476,2012/5/9,22.05354167
2477,2012/5/10,22.21927083
2478,2012/5/11,22.38802083
2479,2012/5/12,22.9221875
2480,2012/5/13,22.52385417
2481,2012/5/14,21.0571875
2482,2012/5/15,21.00625
2483,2012/5/16,21.025625
2484,2012/5/17,20.67291667
2485,2012/5/18,20.29635417
2486,2012/5/19,20.73885417
2487,2012/5/20,21.751875
2488,2012/5/21,22.0190625
2489,2012/5/22,22.0671875
2490,2012/5/23,22.4021875
2491,2012/5/24,22.62958333
2492,2012/5/25,22.01229167
2493,2012/5/26,21.7521875
2494,2012/5/27,21.53458333
2495,2012/5/28,21.29989583
2496,2012/5/29,20.84166667
2497,2012/5/30,21.321875
2498,2012/5/31,22.18357895
2499,2012/6/1,23.43010417
2500,2012/6/2,23.84010417
2501,2012/6/3,23.0125
2502,2012/6/4,21.74
2503,2012/6/5,20.75135417
2504,2012/6/6,20.21542857
2505,2012/6/15,23.93684211
2506,2012/6/16,23.87916667
2507,2012/6/17,24.65427083
2508,2012/6/18,23.96927083
2509,2012/6/19,23.21739583
2510,2012/6/20,23.69364583
2511,2012/6/21,23.3078125
2512,2012/6/22,21.39635417
2513,2012/6/23,21.14104167
2514,2012/6/24,21.12114583
2515,2012/6/25,20.69955556
2516,2013/1/1,6.432395833
2517,2013/1/2,6.366041667
2518,2013/1/3,6.452105263
2519,2013/1/4,6.597604167
2520,2013/1/5,6.8003125
2521,2013/1/6,7.1559375
2522,2013/1/7,7.210208333
2523,2013/1/8,7.516105263
2524,2013/1/9,7.98
2525,2013/1/10,7.753645833
2526,2013/1/11,7.1584375
2527,2013/1/12,6.7403125
2528,2013/1/13,6.136041667
2529,2013/1/14,5.277916667
2530,2013/1/15,5.026145833
2531,2013/1/16,5.1728125
2532,2013/1/17,5.460729167
2533,2013/1/18,5.951666667
2534,2013/1/19,6.40375
2535,2013/1/20,6.71625
2536,2013/1/21,7.0721875
2537,2013/1/22,7.409270833
2538,2013/1/23,7.843541667
2539,2013/1/24,8.401770833
2540,2013/1/25,9.3646875
2541,2013/1/26,10.41510417
2542,2013/1/27,10.95229167
2543,2013/1/28,10.97833333
2544,2013/1/29,10.64729167
2545,2013/1/30,10.80385417
2546,2013/1/31,10.97072917
2547,2013/2/1,10.939375
2548,2013/2/2,11.17791667
2549,2013/2/3,11.2721875
2550,2013/2/4,11.2565625
2551,2013/2/5,11.17125
2552,2013/2/6,11.17708333
2553,2013/2/7,10.96989583
2554,2013/2/8,10.87083333
2555,2013/2/9,10.4115625
2556,2013/2/10,9.922395833
2557,2013/2/11,9.820104167
2558,2013/2/12,10.1003125
2559,2013/2/13,10.45375
2560,2013/2/14,10.8565625
2561,2013/2/15,11.27666667
2562,2013/2/16,11.82020833
2563,2013/2/17,12.20979167
2564,2013/2/18,12.20916667
2565,2013/2/19,11.42083333
2566,2013/2/20,10.77520833
2567,2013/2/21,10.6528125
2568,2013/2/22,10.66552083
2569,2013/2/23,11.09052083
2570,2013/2/24,10.84291667
2571,2013/2/25,10.93114583
2572,2013/2/26,11.00125
2573,2013/2/27,11.19708333
2574,2013/2/28,11.82645833
2575,2013/3/1,12.52364583
2576,2013/3/2,13.24822917
2577,2013/3/3,13.92802083
2578,2013/3/4,14.13708333
2579,2013/3/5,14.11541667
2580,2013/3/6,13.95541667
2581,2013/3/7,13.7625
2582,2013/3/8,13.6796875
2583,2013/3/9,13.63625
2584,2013/3/10,13.95458333
2585,2013/3/11,14.50322917
2586,2013/3/12,15.21927083
2587,2013/3/13,16.06072917
2588,2013/3/14,16.940625
2589,2013/3/15,17.2725
2590,2013/3/16,17.570625
2591,2013/3/17,17.64916667
2592,2013/3/18,17.54291667
2593,2013/3/19,17.2740625
2594,2013/3/20,16.87458333
2595,2013/3/21,16.46979167
2596,2013/3/22,15.5884375
2597,2013/3/23,14.76364583
2598,2013/3/24,14.6225
2599,2013/3/25,14.90604167
2600,2013/3/26,15.0028125
2601,2013/3/27,15.76625
2602,2013/3/28,16.6034375
2603,2013/3/29,17.26145833
2604,2013/3/30,18.0421875
2605,2013/3/31,18.35520833
2606,2013/4/1,18.68302083
2607,2013/4/2,18.991875
2608,2013/4/3,19.09927083
2609,2013/4/4,18.763125
2610,2013/4/5,18.39729167
2611,2013/4/6,18.34125
2612,2013/4/7,18.12604167
2613,2013/4/8,17.54479167
2614,2013/4/9,16.8296875
2615,2013/4/10,17.155
2616,2013/4/11,18.0125
2617,2013/4/12,18.6465625
2618,2013/4/13,19.20114583
2619,2013/4/14,19.3878125
2620,2013/4/15,19.11635417
2621,2013/4/16,18.1403125
2622,2013/4/17,17.170625
2623,2013/4/18,16.86385417
2624,2013/4/19,17.48229167
2625,2013/4/20,18.394375
2626,2013/4/21,19.02885417
2627,2013/4/22,19.8128125
2628,2013/4/23,19.669375
2629,2013/4/24,19.59854167
2630,2013/4/25,19.00104167
2631,2013/4/26,19.0925
2632,2013/4/27,19.91
2633,2013/4/28,20.96
2634,2013/4/29,21.8825
2635,2013/4/30,22.0040625
2636,2013/5/1,20.50677083
2637,2013/5/2,20.256875
2638,2013/5/3,20.69114583
2639,2013/5/4,21.341875
2640,2013/5/5,20.96708333
2641,2013/5/6,20.78625
2642,2013/5/7,20.8175
2643,2013/5/8,20.56833333
2644,2013/5/9,20.4146875
2645,2013/5/10,20.81875
2646,2013/5/11,21.84802083
2647,2013/5/12,22.85333333
2648,2013/5/13,23.18979167
2649,2013/5/14,23.36177083
2650,2013/5/15,22.440625
2651,2013/5/16,21.29177083
2652,2013/5/17,20.6109375
2653,2013/5/18,20.43416667
2654,2013/5/19,20.9059375
2655,2013/5/20,21.0946875
2656,2013/5/21,21.02854167
2657,2013/5/22,20.04760417
2658,2013/5/23,19.45458333
2659,2013/5/24,19.75052083
2660,2013/5/25,19.91072917
2661,2013/5/26,19.97677083
2662,2013/5/27,19.61375
2663,2013/5/28,19.70489583
2664,2013/5/29,20.53395833
2665,2013/5/30,21.21833333
2666,2013/5/31,21.84854167
2667,2013/6/1,22.58291667
2668,2013/6/2,23.47604167
2669,2013/6/3,23.64895833
2670,2013/6/4,22.17895833
2671,2013/6/5,21.2434375
2672,2013/6/6,21.4725
2673,2013/6/7,22.34427083
2674,2013/6/8,24.00010417
2675,2013/6/9,23.13614583
2676,2013/6/10,22.194375
2677,2013/6/11,22.39322917
2678,2013/6/12,22.94854167
2679,2013/6/13,23.30104167
2680,2013/6/14,23.53375
2681,2013/6/15,23.61916667
2682,2013/6/16,23.31916667
2683,2013/6/17,22.97885417
2684,2013/6/18,21.75177083
2685,2013/6/19,21.20364583
2686,2013/6/20,21.6865625
2687,2013/6/21,22.31447917
2688,2013/6/22,23.0090625
2689,2013/6/23,22.74104167
2690,2013/6/24,21.80729167
2691,2013/6/25,21.71572917
2692,2013/6/26,22.70416667
2693,2013/6/27,24.12739583
2694,2013/6/28,25.72739583
2695,2013/6/29,26.8121875
2696,2013/6/30,27.60510417
2697,2013/7/1,27.71447917
2698,2013/7/2,27.96
2699,2013/7/3,27.49572917
2700,2013/7/4,27.6375
2701,2013/7/5,26.70395833
2702,2013/7/6,25.16572917
2703,2013/7/7,24.49729167
2704,2013/7/8,24.42885417
2705,2013/7/9,25.171875
2706,2013/7/10,25.71802083
2707,2013/7/11,24.89918713
2708,2013/7/12,24.20478009
2709,2013/7/13,24.33898148
2710,2013/7/14,24.47782986
2711,2013/7/15,23.77107639
2712,2013/7/16,22.19012731
2713,2013/7/17,21.64994792
2714,2013/7/18,22.10789931
2715,2013/7/19,22.96681713
2716,2013/7/20,23.64564236
2717,2013/7/21,23.75532986
2718,2013/7/22,23.35316551
2719,2013/7/23,23.10357639
2720,2013/7/24,23.2475463
2721,2013/7/25,23.85900463
2722,2013/7/26,23.83803819
2723,2013/7/27,23.58431134
2724,2013/7/28,23.22623843
2725,2013/7/29,22.23605324
2726,2013/7/30,21.43824653
2727,2013/7/31,21.15058449
2728,2013/8/1,20.9700463
2729,2013/8/2,21.39540509
2730,2013/8/3,22.01799769
2731,2013/8/4,22.28336227
2732,2013/8/5,22.06253472
2733,2013/8/6,21.64256366
2734,2013/8/7,21.01387731
2735,2013/8/8,21.26094329
2736,2013/8/9,21.484375
2737,2013/8/10,21.59786458
2738,2013/8/11,22.08396412
2739,2013/8/12,22.49629051
2740,2013/8/13,22.94611111
2741,2013/8/14,23.29836227
2742,2013/8/15,23.53050347
2743,2013/8/16,23.93373264
2744,2013/8/17,24.12857639
2745,2013/8/18,24.2852662
2746,2013/8/19,24.93809606
2747,2013/8/20,24.94649306
2748,2013/8/21,24.02454861
2749,2013/8/22,23.1623669
2750,2013/8/23,22.61061343
2751,2013/8/24,22.62497107
2752,2013/8/25,22.72660301
2753,2013/8/26,22.72975694
2754,2013/8/27,22.89459491
2755,2013/8/28,22.84020255
2756,2013/8/29,22.85344907
2757,2013/8/30,23.31324074
2758,2013/8/31,23.67295718
2759,2013/9/1,23.4728125
2760,2013/9/2,23.12523148
2761,2013/9/3,22.8528588
2762,2013/9/4,22.87710648
2763,2013/9/5,22.80990741
2764,2013/9/6,22.85798032
2765,2013/9/7,23.24311921
2766,2013/9/8,23.73186343
2767,2013/9/9,24.07762732
2768,2013/9/10,23.83498264
2769,2013/9/11,22.87894097
2770,2013/9/12,22.49563079
2771,2013/9/13,22.42981482
2772,2013/9/14,22.23685764
2773,2013/9/15,21.82341435
2774,2013/9/16,21.75034144
2775,2013/9/17,21.68012731
2776,2013/9/18,21.41041667
2777,2013/9/19,21.44375
2778,2013/9/20,21.34583333
2779,2013/9/21,20.9125
2780,2013/9/22,20.43645833
2781,2013/9/23,20.69791667
2782,2013/9/24,20.8625
2783,2013/9/25,20.553125
2784,2013/9/26,19.76875
2785,2013/9/27,18.93020833
2786,2013/9/28,18.83020833
2787,2013/9/29,18.89166667
2788,2013/9/30,19.30625
2789,2013/10/1,19.3125
2790,2013/10/2,19.290625
2791,2013/10/3,18.59854167
2792,2013/10/4,16.83729167
2793,2013/10/5,16.30885417
2794,2013/10/6,16.74791667
2795,2013/10/7,17.52663158
2796,2013/10/8,17.80114583
2797,2013/10/9,17.45864583
2798,2013/10/10,17.09989583
2799,2013/10/11,16.99885417
2800,2013/10/12,16.92020833
2801,2013/10/13,16.64135417
2802,2013/10/14,16.4225
2803,2013/10/15,16.3425
2804,2013/10/16,16.4228125
2805,2013/10/17,16.8734375
2806,2013/10/18,17.24041667
2807,2013/10/19,17.57052083
2808,2013/10/20,17.87041667
2809,2013/10/21,18.01395833
2810,2013/10/22,18.03333333
2811,2013/10/23,17.95916667
2812,2013/10/24,17.26979167
2813,2013/10/25,16.43145833
2814,2013/10/26,16.15291667
2815,2013/10/27,15.94989583
2816,2013/10/28,15.29895833
2817,2013/10/29,14.91666667
2818,2013/10/30,14.58
2819,2013/10/31,14.4746875
2820,2013/11/1,14.62541667
2821,2013/11/2,14.945
2822,2013/11/3,14.43697917
2823,2013/11/4,13.25145833
2824,2013/11/5,12.67270833
2825,2013/11/6,12.7925
2826,2013/11/7,13.21302083
2827,2013/11/8,13.584375
2828,2013/11/9,13.74739583
2829,2013/11/10,13.738125
2830,2013/11/11,13.5684375
2831,2013/11/12,13.67895833
2832,2013/11/13,13.72802083
2833,2013/11/14,13.90166667
2834,2013/11/15,13.62614583
2835,2013/11/16,13.14614583
2836,2013/11/17,12.95864583
2837,2013/11/18,12.8596875
2838,2013/11/19,12.79895833
2839,2013/11/20,13.02239583
2840,2013/11/21,12.73760417
2841,2013/11/22,11.37010417
2842,2013/11/23,10.77802083
2843,2013/11/24,10.6303125
2844,2013/11/25,10.50854167
2845,2013/11/26,10.30708333
2846,2013/11/27,10.1621875
2847,2013/11/28,10.19322917
2848,2013/11/29,10.2496875
2849,2013/11/30,10.331875
2850,2013/12/1,10.425625
2851,2013/12/2,10.59145833
2852,2013/12/3,10.75291667
2853,2013/12/4,9.491145833
2854,2013/12/5,8.456354167
2855,2013/12/6,7.820416667
2856,2013/12/7,7.4590625
2857,2013/12/8,6.9703125
2858,2013/12/9,6.226041667
2859,2013/12/10,5.726458333
2860,2013/12/11,5.346458333
2861,2013/12/12,5.200416667
2862,2013/12/13,5.252395833
2863,2013/12/14,5.428125
2864,2013/12/15,5.605416667
2865,2013/12/16,5.892291667
2866,2013/12/17,6.24
2867,2013/12/18,6.586145833
2868,2013/12/19,6.8096875
2869,2013/12/20,6.376326531
2870,2014/1/1,7.195729167
2871,2014/1/2,7.38
2872,2014/1/3,7.647604167
2873,2014/1/4,7.88875
2874,2014/1/5,7.903854167
2875,2014/1/6,7.873958333
2876,2014/1/7,7.924166667
2877,2014/1/8,7.977083333
2878,2014/1/9,8.101770833
2879,2014/1/10,8.250104167
2880,2014/1/11,8.299479167
2881,2014/1/12,8.329895833
2882,2014/1/13,8.3615625
2883,2014/1/14,8.3925
2884,2014/1/15,8.504270833
2885,2014/1/16,8.6896875
2886,2014/1/17,8.859270833
2887,2014/1/18,8.96125
2888,2014/1/19,9.032291667
2889,2014/1/20,9.103854167
2890,2014/1/21,9.1215625
2891,2014/1/22,9.093125
2892,2014/1/23,9.1584375
2893,2014/1/24,9.317291667
2894,2014/1/25,9.5090625
2895,2014/1/26,9.6565625
2896,2014/1/27,9.6265625
2897,2014/1/28,9.9928125
2898,2014/1/29,10.78385417
2899,2014/1/30,11.4253125
2900,2014/1/31,11.7303125
2901,2014/2/1,11.38354167
2902,2014/2/2,10.87541667
2903,2014/2/3,10.51635417
2904,2014/2/4,10.51427083
2905,2014/2/5,10.4028125
2906,2014/2/6,10.37239583
2907,2014/2/7,10.18125
2908,2014/2/8,10.14989583
2909,2014/2/9,10.73364583
2910,2014/2/10,11.86260417
2911,2014/2/11,12.57645833
2912,2014/2/12,12.90270833
2913,2014/2/13,13.4625
2914,2014/2/14,14.18875
2915,2014/2/15,14.35833333
2916,2014/2/16,14.51416667
2917,2014/2/17,14.53479167
2918,2014/2/18,14.31489583
2919,2014/2/19,14.2325
2920,2014/2/20,13.98916667
2921,2014/2/21,13.85114583
2922,2014/2/22,13.92
2923,2014/2/23,14.09375
2924,2014/2/24,14.29541667
2925,2014/2/25,14.463125
2926,2014/2/26,14.35541667
2927,2014/2/27,14.15291667
2928,2014/2/28,14.18291667
2929,2014/3/1,14.17104167
2930,2014/3/2,14.29385417
2931,2014/3/3,14.07364583
2932,2014/3/4,14.06458333
2933,2014/3/5,14.51697917
2934,2014/3/6,15.25510417
2935,2014/3/7,15.70510417
2936,2014/3/8,15.854375
2937,2014/3/9,15.9140625
2938,2014/3/10,16.13260417
2939,2014/3/11,15.69614583
2940,2014/3/12,14.92802083
2941,2014/3/13,15.03510417
2942,2014/3/14,15.2490625
2943,2014/3/15,15.879375
2944,2014/3/16,16.96010417
2945,2014/3/17,16.88916667
2946,2014/3/18,16.4
2947,2014/3/19,16.3584375
2948,2014/3/20,17.00677083
2949,2014/3/21,17.4103125
2950,2014/3/22,17.4421875
2951,2014/3/23,17.59802083
2952,2014/3/24,17.88520833
2953,2014/3/25,17.36273684
2954,2014/3/26,16.5221875
2955,2014/3/27,16.050625
2956,2014/3/28,16.13864583
2957,2014/3/29,16.07572917
2958,2014/3/30,15.76041667
2959,2014/3/31,15.36729167
2960,2014/4/1,14.49291667
2961,2014/4/2,14.1959375
2962,2014/4/3,14.575625
2963,2014/4/4,15.05614583
2964,2014/4/5,15.408125
2965,2014/4/6,16.28583333
2966,2014/4/7,17.47136842
2967,2014/4/8,18.6575
2968,2014/4/9,19.5953125
2969,2014/4/10,20.0353125
2970,2014/4/11,20.4546875
2971,2014/4/12,19.75770833
2972,2014/4/13,19.43489583
2973,2014/4/14,19.819375
2974,2014/4/15,20.38979167
2975,2014/4/16,20.786875
2976,2014/4/17,21.22885417
2977,2014/4/18,21.50427083
2978,2014/4/19,20.90625
2979,2014/4/20,20.77354167
2980,2014/4/21,20.60583333
2981,2014/4/22,19.7040625
2982,2014/4/23,19.29395833
2983,2014/4/24,19.12958333
2984,2014/4/25,18.46447917
2985,2014/4/26,17.8209375
2986,2014/4/27,17.77833333
2987,2014/4/28,18.33104167
2988,2014/4/29,19.31708333
2989,2014/4/30,20.5746875
2990,2014/5/1,21.92479167
2991,2014/5/2,22.73010417
2992,2014/5/3,22.32645833
2993,2014/5/4,21.50583333
2994,2014/5/5,21.04885417
2995,2014/5/6,20.95208333
2996,2014/5/7,20.78927083
2997,2014/5/8,19.87739583
2998,2014/5/9,19.20302083
2999,2014/5/10,19.25458333
3000,2014/5/11,19.24020833
3001,2014/5/12,19.63291667
3002,2014/5/13,20.79604167
3003,2014/5/14,22.34041667
3004,2014/5/15,23.6684375
3005,2014/5/16,23.75458333
3006,2014/5/17,22.61697917
3007,2014/5/18,21.7309375
3008,2014/5/19,21.2696875
3009,2014/5/20,20.6046875
3010,2014/5/21,20.62166667
3011,2014/5/22,21.07895833
3012,2014/5/23,21.458125
3013,2014/5/24,21.93875
3014,2014/5/25,22.54291667
3015,2014/5/26,23.23020833
3016,2014/5/27,23.16989583
3017,2014/5/28,22.6171875
3018,2014/5/29,22.083125
3019,2014/5/30,21.89677083
3020,2014/5/31,21.80729167
3021,2014/6/1,22.529375
3022,2014/6/2,22.61739583
3023,2014/6/3,21.90677083
3024,2014/6/4,22.54885417
3025,2014/6/5,23.21302083
3026,2014/6/6,23.08989583
3027,2014/6/7,22.79479167
3028,2014/6/8,23.4609375
3029,2014/6/9,24.5721875
3030,2014/6/10,25.43020833
3031,2014/6/11,23.289375
3032,2014/6/12,21.94
3033,2014/6/13,22.00020833
3034,2014/6/14,22.63354167
3035,2014/6/15,22.665
3036,2014/6/16,21.9153125
3037,2014/6/17,21.59260417
3038,2014/6/18,22.11489583
3039,2014/6/19,22.80916667
3040,2014/6/20,23.35677083
3041,2014/6/21,23.38739583
3042,2014/6/22,22.96510417
3043,2014/6/23,22.9371875
3044,2014/6/24,23.16052083
3045,2014/6/25,23.02458333
3046,2014/6/26,22.60604167
3047,2014/6/27,22.76927083
3048,2014/6/28,23.26208333
3049,2014/6/29,24.2246875
3050,2014/6/30,25.39677083
3051,2014/7/1,25.22989583
3052,2014/7/2,24.27583333
3053,2014/7/3,NA
3054,2014/7/4,NA
3055,2014/7/5,NA
3056,2014/7/6,NA
3057,2014/7/7,NA
3058,2014/7/8,NA
3059,2014/7/9,NA
3060,2014/7/10,NA
3061,2014/7/11,NA
3062,2014/7/12,NA
3063,2014/7/13,NA
3064,2014/7/14,NA
3065,2014/7/15,NA
3066,2014/7/16,NA
3067,2014/7/17,NA
3068,2014/7/18,NA
3069,2014/7/19,NA
3070,2014/7/20,NA
3071,2014/7/21,NA
3072,2014/7/22,NA
3073,2014/7/23,NA
3074,2014/7/24,NA
3075,2014/7/25,24.81583333
3076,2014/7/26,25.98614583
3077,2014/7/27,26.17989583
3078,2014/7/28,25.31875
3079,2014/7/29,24.80208333
3080,2014/7/30,25.108125
3081,2014/7/31,25.48385417
3082,2014/8/1,25.87947917
3083,2014/8/2,25.68885417
3084,2014/8/3,24.48458333
3085,2014/8/4,22.92541667
3086,2014/8/5,21.94875
3087,2014/8/6,22.270625
3088,2014/8/7,23.49010417
3089,2014/8/8,23.8790625
3090,2014/8/9,23.82885417
3091,2014/8/10,23.23375
3092,2014/8/11,23.25697917
3093,2014/8/12,23.09677083
3094,2014/8/13,22.5725
3095,2014/8/14,22.88479167
3096,2014/8/15,23.2875
3097,2014/8/16,23.55395833
3098,2014/8/17,23.46385417
3099,2014/8/18,23.14489583
3100,2014/8/19,22.57041667
3101,2014/8/20,21.919375
3102,2014/8/21,21.9434375
3103,2014/8/22,22.37895833
3104,2014/8/23,22.510625
3105,2014/8/24,22.56125
3106,2014/8/25,21.96958333
3107,2014/8/26,21.89927083
3108,2014/8/27,22.52104167
3109,2014/8/28,23.16322917
3110,2014/8/29,23.31947917
3111,2014/8/30,23.44645833
3112,2014/8/31,23.51145833
3113,2014/9/1,23.7528125
3114,2014/9/2,23.78114583
3115,2014/9/3,23.2478125
3116,2014/9/4,22.95739583
3117,2014/9/5,22.606875
3118,2014/9/6,22.32322917
3119,2014/9/7,22.04041667
3120,2014/9/8,21.5053125
3121,2014/9/9,21.06270833
3122,2014/9/10,21.5259375
3123,2014/9/11,22.2465625
3124,2014/9/12,22.81552083
3125,2014/9/13,23.20395833
3126,2014/9/14,23.25833333
3127,2014/9/15,23.12260417
3128,2014/9/16,22.74708333
3129,2014/9/17,22.64489583
3130,2014/9/18,22.76260417
3131,2014/9/19,22.74177083
3132,2014/9/20,22.61510417
3133,2014/9/21,22.19416667
3134,2014/9/22,21.9046875
3135,2014/9/23,21.7640625
3136,2014/9/24,21.8875
3137,2014/9/25,22.02979167
3138,2014/9/26,21.76197917
3139,2014/9/27,21.53916667
3140,2014/9/28,21.16104167
3141,2014/9/29,20.71770833
3142,2014/9/30,20.59739583
3143,2014/10/1,20.08958333
3144,2014/10/2,19.76041667
3145,2014/10/3,19.9540625
3146,2014/10/4,20.5615625
3147,2014/10/5,21.1778125
3148,2014/10/6,21.740625
3149,2014/10/7,22.07864583
3150,2014/10/8,22.13125
3151,2014/10/9,21.95916667
3152,2014/10/10,21.476875
3153,2014/10/11,21.01114583
3154,2014/10/12,20.58854167
3155,2014/10/13,20.10895833
3156,2014/10/14,19.6475
3157,2014/10/15,19.28739583
3158,2014/10/16,18.9471875
3159,2014/10/17,18.5403125
3160,2014/10/18,18.49666667
3161,2014/10/19,18.87822917
3162,2014/10/20,19.091875
3163,2014/10/21,18.58875
3164,2014/10/22,18.26708333
3165,2014/10/23,18.4246875
3166,2014/10/24,18.376875
3167,2014/10/25,18.4990625
3168,2014/10/26,18.265625
3169,2014/10/27,17.61739583
3170,2014/10/28,17.22260417
3171,2014/10/29,17.1815625
3172,2014/10/30,17.341875
3173,2014/10/31,17.32739583
3174,2014/11/1,16.82510417
3175,2014/11/2,16.20760417
3176,2014/11/3,15.62
3177,2014/11/4,15.3265625
3178,2014/11/5,15.38645833
3179,2014/11/6,15.71552083
3180,2014/11/7,15.99020833
3181,2014/11/8,16.2575
3182,2014/11/9,16.47197917
3183,2014/11/10,16.62958333
3184,2014/11/11,16.38739583
3185,2014/11/12,15.9446875
3186,2014/11/13,15.79916667
3187,2014/11/14,15.59104167
3188,2014/11/15,15.29947917
3189,2014/11/16,14.37416667
3190,2014/11/17,13.46552083
3191,2014/11/18,12.6884375
3192,2014/11/19,12.4109375
3193,2014/11/20,12.50822917
3194,2014/11/21,12.640625
3195,2014/11/22,12.88927083
3196,2014/11/23,12.82625
3197,2014/11/24,12.43979167
3198,2014/11/25,12.26947917
3199,2014/11/26,12.2471875
3200,2014/11/27,12.4359375
3201,2014/11/28,12.43458333
3202,2014/11/29,12.71270833
3203,2014/11/30,12.78072917
3204,2014/12/1,12.8965625
3205,2014/12/2,13.01020833
3206,2014/12/3,13.18104167
3207,2014/12/4,13.59094737
3208,2014/12/5,13.96645833
3209,2014/12/6,14.52677083
3210,2014/12/7,14.84447917
3211,2014/12/8,14.9634375
3212,2014/12/9,14.79635417
3213,2014/12/10,14.47979167
3214,2014/12/11,13.929375
3215,2014/12/12,13.225625
3216,2014/12/13,12.41
3217,2014/12/14,11.9453125
3218,2014/12/15,11.43833333
3219,2014/12/16,11.04020833
3220,2014/12/17,11.39708333
3221,2014/12/18,11.5575
3222,2014/12/19,11.87645833
3223,2014/12/20,11.71802083
3224,2014/12/21,12.33333333
3225,2014/12/22,13.2434375
3226,2014/12/23,13.3828125
3227,2014/12/24,13.1934375
3228,2014/12/25,11.36583333
3229,2014/12/26,9.707708333
3230,2014/12/27,9.078645833
3231,2014/12/28,9.153020833
3232,2014/12/29,9.144583333
3233,2014/12/30,8.536444444
1,2015/1/16,10.5131694
2,2015/1/17,10.56429977
3,2015/1/18,10.63714699
4,2015/1/19,10.85333333
5,2015/1/20,11.04021991
6,2015/1/21,11.13974537
7,2015/1/22,11.11946181
8,2015/1/23,11.06278935
9,2015/1/24,10.97006366
10,2015/1/25,10.80712384
11,2015/1/26,10.56449653
12,2015/1/27,10.77023727
13,2015/1/28,10.97403935
14,2015/1/29,11.34219907
15,2015/1/30,11.64837384
16,2015/1/31,11.81877893
17,2015/2/1,12.00688657
18,2015/2/2,12.19818287
19,2015/2/3,12.54722222
20,2015/2/4,12.88916667
21,2015/2/5,12.93877894
22,2015/2/6,12.81665509
23,2015/2/7,13.23379051
24,2015/2/8,13.84181713
25,2015/2/9,14.39207176
26,2015/2/10,14.20510995
27,2015/2/11,13.5778588
28,2015/2/12,13.85275463
29,2015/2/13,14.398125
30,2015/2/14,14.99685185
31,2015/2/15,15.47876157
32,2015/2/16,15.76567708
33,2015/2/17,15.95849537
34,2015/2/18,15.78581597
35,2015/2/19,15.25845486
36,2015/2/20,15.08648727
37,2015/2/21,15.19528935
38,2015/2/22,15.01047454
39,2015/2/23,13.76905671
40,2015/2/24,12.95123264
41,2015/2/25,12.69752894
42,2015/2/26,12.82375
43,2015/2/27,13.15570023
44,2015/2/28,13.4043287
45,2015/3/1,13.78731481
46,2015/3/2,14.05091435
47,2015/3/3,14.13983218
48,2015/3/4,14.35788194
49,2015/3/5,14.58999421
50,2015/3/6,14.97293403
51,2015/3/7,15.41847222
52,2015/3/8,15.94144676
53,2015/3/9,16.4003125
54,2015/3/10,16.73554977
55,2015/3/11,16.8839294
56,2015/3/12,17.14046296
57,2015/3/13,17.64874421
58,2015/3/14,18.36535301
59,2015/3/15,18.8529919
60,2015/3/16,18.70139468
61,2015/3/17,18.77698495
62,2015/3/18,18.78736111
63,2015/3/19,18.94277778
64,2015/3/20,18.92189815
65,2015/3/21,18.68116898
66,2015/3/22,18.67172454
67,2015/3/23,18.46405093
68,2015/3/24,18.30739583
69,2015/3/25,18.5090625
70,2015/3/26,19.09260417
71,2015/3/27,19.62739583
72,2015/3/28,19.6146875
73,2015/3/29,19.62010417
74,2015/3/30,19.76479167
75,2015/3/31,19.35614583
76,2015/4/1,18.96052083
77,2015/4/2,18.18708333
78,2015/4/3,17.79479167
79,2015/4/4,17.62822917
80,2015/4/5,16.76010417
81,2015/4/6,16.25447917
82,2015/4/7,16.14020833
83,2015/4/8,15.90739583
84,2015/4/9,16.25427083
85,2015/4/10,16.99645833
86,2015/4/11,17.48770833
87,2015/4/12,17.96885417
88,2015/4/13,18.44760417
89,2015/4/14,17.7296875
90,2015/4/15,17.10125
91,2015/4/16,16.95729167
92,2015/4/17,17.77354167
93,2015/4/18,18.7221875
94,2015/4/19,19.67541667
95,2015/4/20,20.00364583
96,2015/4/21,19.2734375
97,2015/4/22,19.380625
98,2015/4/23,19.7040625
99,2015/4/24,19.456875
100,2015/4/25,19.05229167
101,2015/4/26,19.1890625
102,2015/4/27,19.8271875
103,2015/4/28,20.48114583
104,2015/4/29,20.4915625
105,2015/4/30,21.03375
106,2015/5/1,21.78583333
107,2015/5/2,21.90572917
108,2015/5/3,21.09479167
109,2015/5/4,20.15010417
110,2015/5/5,19.85083333
111,2015/5/6,19.885
112,2015/5/7,19.585625
113,2015/5/8,19.33708333
114,2015/5/9,19.798125
115,2015/5/10,20.0440625
116,2015/5/11,19.68614583
117,2015/5/12,18.9403125
118,2015/5/13,18.28541667
119,2015/5/14,17.93677083
120,2015/5/15,17.97291667
121,2015/5/16,18.4965625
122,2015/5/17,18.74
123,2015/5/18,18.48552083
124,2015/5/19,18.9265625
125,2015/5/20,19.39958333
126,2015/5/21,19.60010417
127,2015/5/22,19.88979167
128,2015/5/23,20.28864583
129,2015/5/24,20.72854167
130,2015/5/25,20.66
131,2015/5/26,20.17510417
132,2015/5/27,20.03
133,2015/5/28,20.166875
134,2015/5/29,20.55614583
135,2015/5/30,20.97572917
136,2015/5/31,20.7928125
137,2015/6/1,20.24708333
138,2015/6/2,20.98697917
139,2015/6/3,21.02647059
140,NA,NA
