"","SampleDate","day.t"
"1",1998-01-16,11.67
"2",1998-01-19,11.11
"3",1998-01-20,10.6090909090909
"4",1998-01-21,10.56
"5",1998-01-22,10.0988235294118
"6",1998-01-23,9.81333333333333
"7",1998-01-26,10.56
"8",1998-01-27,10.7433333333333
"9",1998-01-28,11.11
"10",1998-01-29,11.67
"11",1998-01-30,11.3136363636364
"12",1998-02-01,NA
"13",1998-02-02,10.9266666666667
"14",1998-02-03,11.11
"15",1998-02-04,11.115
"16",1998-02-05,10.78
"17",1998-02-06,10.56
"18",1998-02-09,10
"19",1998-02-10,10
"20",1998-02-11,10
"21",1998-02-13,10.3992857142857
"22",1998-02-15,10.56
"23",1998-02-17,10
"24",1998-02-18,NA
"25",1998-02-20,10.5533333333333
"26",1998-02-22,8.89
"27",1998-02-23,10
"28",1998-02-24,10.1585714285714
"29",1998-02-25,10.9266666666667
"30",1998-02-26,10.56
"31",1998-02-27,11.11
"32",1998-03-01,11.67
"33",1998-03-02,13.335
"34",1998-03-03,12.9469230769231
"35",1998-03-04,11.888
"36",1998-03-05,11.334
"37",1998-03-06,11.1133333333333
"38",1998-03-07,10.56
"39",1998-03-09,13.554
"40",1998-03-10,13.224
"41",1998-03-11,15
"42",1998-03-12,15.56
"43",1998-03-13,14.556
"44",1998-03-15,NA
"45",1998-03-16,18.7285714285714
"46",1998-03-17,15.9025
"47",1998-03-18,19.334
"48",1998-03-19,17.3021428571429
"49",1998-03-20,17.36125
"50",1998-03-22,16.67
"51",1998-03-23,17.446
"52",1998-03-24,17.334
"53",1998-03-25,18.33
"54",1998-03-26,16.11
"55",1998-03-27,14.44
"56",1998-03-29,13.33
"57",1998-03-30,13.0566666666667
"58",1998-03-31,12.2233333333333
"59",1998-04-01,11.67
"60",1998-04-02,12.22
"61",1998-04-03,12.22
"62",1998-04-05,12.78
"63",1998-04-06,12.7766666666667
"64",1998-04-07,13.33
"65",1998-04-08,13.89
"66",1998-04-09,13.89
"67",1998-04-10,15.56
"68",1998-04-11,15
"69",1998-04-13,14.4444444444444
"70",1998-04-14,13.46875
"71",1998-04-15,14.63
"72",1998-04-16,13.33
"73",1998-04-17,17.4763636363636
"74",1998-04-19,17.78
"75",1998-04-20,20.9283333333333
"76",1998-04-21,22.29
"77",1998-04-22,22.78
"78",1998-04-23,19.44
"79",1998-04-24,17.22
"80",1998-04-26,16.67
"81",1998-04-27,23.7314285714286
"82",1998-04-28,22.8781818181818
"83",1998-04-29,21.226
"84",1998-04-30,21.721
"85",1998-05-01,20.56
"86",1998-05-04,19.44
"87",1998-05-05,19.44
"88",1998-05-06,18.33
"89",1998-05-07,18.33
"90",1998-05-08,18.33
"91",1998-05-11,17.78
"92",1998-05-12,17.22
"93",1998-05-13,16.11
"94",1998-05-14,16.11
"95",1998-05-15,16.67
"96",1998-05-18,NA
"97",1998-05-19,18.33
"98",1998-05-20,NA
"99",1998-05-21,18.33
"100",1998-05-22,20
"101",1998-05-27,NA
"102",1998-05-28,18.89
"103",1998-05-29,16.67
"104",1998-06-01,NA
"105",1998-06-02,18.61
"106",1998-06-03,18.33
"107",1998-06-04,NA
"108",1998-06-05,19.44
"109",1998-06-08,20.28
"110",1998-06-09,20.56
"111",1998-06-10,20.56
"112",1998-06-11,19.44
"113",1998-06-12,20.558
"114",1998-06-15,28.33375
"115",1998-06-16,25.1866666666667
"116",1998-06-17,22.22
"117",1998-06-18,23.33
"118",1998-06-19,23.33
"119",1998-06-22,22.22
"120",1998-06-23,22.78
"121",1998-06-24,NA
"122",1998-06-25,22.78
"123",1998-07-14,25.83
"124",1998-08-28,22.78
"125",1998-10-09,19.445
"126",1998-11-23,12.775
"127",1998-12-03,NA
"128",1998-12-04,11.11
"129",1998-12-07,8.33
"130",1998-12-08,7.78
"131",1998-12-09,7.22
"132",1998-12-10,7.22
"133",1998-12-11,8.33
"134",1998-12-14,8.33
"135",1998-12-15,8.89
"136",1998-12-16,9.44
"137",1998-12-17,9.44
"138",1998-12-18,9.44
"139",1998-12-21,5.18666666666667
"140",1998-12-22,6.11
"141",1998-12-23,4.44
"142",1998-12-24,4.44
"143",1998-12-28,5
"144",1998-12-29,5.56
"145",1998-12-30,5.56
"146",1998-12-31,6.11
"147",1999-01-04,7.78
"148",1999-01-05,7.67
"149",1999-01-07,6.94
"150",1999-01-08,7.5
"151",1999-01-11,6.525
"152",1999-01-12,6.11
"153",1999-01-14,6.11
"154",1999-01-15,6.67
"155",1999-01-19,10
"156",1999-01-21,11.11
"157",1999-01-22,11.11
"158",1999-01-25,9.17
"159",1999-01-26,8.89
"160",1999-01-28,7.78
"161",1999-01-29,8.06
"162",1999-02-01,7.22
"163",1999-02-02,8.06
"164",1999-02-04,8.61
"165",1999-02-05,9.17
"166",1999-02-08,9.81333333333333
"167",1999-02-09,9.44
"168",1999-02-10,9.17
"169",1999-02-11,9.35333333333333
"170",1999-02-12,NA
"171",1999-02-13,7.78
"172",1999-02-14,8.055
"173",1999-02-15,9.07333333333333
"174",1999-02-16,8.61
"175",1999-02-17,9.72
"176",1999-02-18,9.944
"177",1999-02-19,9.17
"178",1999-02-20,9.2375
"179",1999-02-21,8.70333333333333
"180",1999-02-22,10.2757142857143
"181",1999-02-23,10.415
"182",1999-02-24,10.498
"183",1999-02-25,10.28
"184",1999-02-28,10.56
"185",1999-03-01,10.9266666666667
"186",1999-03-02,NA
"187",1999-03-03,11.345
"188",1999-03-04,11.67
"189",1999-03-05,10.97
"190",1999-03-06,11.39
"191",1999-03-08,9.556
"192",1999-03-09,9.44
"193",1999-03-10,9.61
"194",1999-03-11,9.44
"195",1999-03-12,NA
"196",1999-03-13,NA
"197",1999-03-15,12.41
"198",1999-03-16,12.22
"199",1999-03-17,12.78
"200",1999-03-18,13.61
"201",1999-03-19,14.4457142857143
"202",1999-03-20,12.78
"203",1999-03-22,13.33
"204",1999-03-24,15.0025
"205",1999-03-25,15.9725
"206",1999-03-26,16.276
"207",1999-03-27,12.225
"208",1999-03-29,16.205
"209",1999-03-30,12.5
"210",1999-03-31,13.475
"211",1999-04-01,11.94
"212",1999-04-02,11.67
"213",1999-04-05,10.56
"214",1999-04-06,10.28
"215",1999-04-07,13.8871428571429
"216",1999-04-08,12.22
"217",1999-04-09,14.93
"218",1999-04-11,12.22
"219",1999-04-12,12.78
"220",1999-04-13,15
"221",1999-04-14,21.444
"222",1999-04-15,16.67
"223",1999-04-16,18.33
"224",1999-04-19,18.61
"225",1999-04-20,18.61
"226",1999-04-21,18.6125
"227",1999-04-22,17.78
"228",1999-04-27,16.11
"229",1999-04-28,16.11
"230",1999-04-29,15.28
"231",1999-04-30,15.56
"232",1999-05-03,16.11
"233",1999-05-04,16.11
"234",1999-05-05,16.67
"235",1999-05-06,18.33
"236",1999-05-07,17.78
"237",1999-05-10,17.78
"238",1999-05-12,19.44
"239",1999-05-14,19.44
"240",1999-05-17,19.17
"241",1999-05-19,20.28
"242",1999-05-21,19.44
"243",1999-05-24,20.56
"244",1999-05-26,23.24
"245",1999-05-28,21.11
"246",1999-06-01,19.72
"247",1999-06-04,20
"248",1999-06-07,21.67
"249",1999-06-10,22.22
"250",1999-06-14,22.22
"251",1999-06-17,22.22
"252",1999-06-21,24.72
"253",1999-06-23,24.17
"254",1999-06-25,23.33
"255",1999-06-28,24.72
"256",1999-06-30,26.39
"257",1999-07-02,26.11
"258",1999-07-06,22.22
"259",1999-07-08,NA
"260",1999-07-27,NA
"261",1999-07-30,21.11
"262",1999-08-30,24.4433333333333
"263",1999-10-01,22.2266666666667
"264",1999-10-28,17.5933333333333
"265",1999-11-02,NA
"266",1999-11-03,16.67
"267",1999-11-05,16.11
"268",1999-11-08,15.56
"269",1999-11-10,15.28
"270",1999-11-12,15.56
"271",1999-11-15,16.11
"272",1999-11-17,15.28
"273",1999-11-19,14.44
"274",1999-11-22,12.22
"275",1999-11-24,11.11
"276",1999-11-29,11.5975
"277",1999-12-01,12.22
"278",1999-12-03,11.11
"279",1999-12-06,10.56
"280",1999-12-08,8.33
"281",1999-12-10,8.33
"282",1999-12-13,9.44
"283",1999-12-15,7.78
"284",1999-12-17,8.33
"285",1999-12-20,8.61
"286",1999-12-22,8.33
"287",1999-12-24,8.89
"288",1999-12-27,9.165
"289",1999-12-29,7.22
"290",1999-12-31,8.33
"291",2000-01-03,8.89
"292",2000-01-05,7.78
"293",2000-01-07,8.055
"294",2000-01-10,7.78
"295",2000-01-12,9.025
"296",2000-01-14,9.865
"297",2000-01-18,11.11
"298",2000-01-19,11.39
"299",2000-01-21,12.365
"300",2000-01-24,NA
"301",2000-01-26,11.11
"302",2000-01-27,11.11
"303",2000-01-28,11.02
"304",2000-01-31,10.695
"305",2000-02-02,10.97
"306",2000-02-03,11.11
"307",2000-02-04,10.83
"308",2000-02-07,11.67
"309",2000-02-09,12.22
"310",2000-02-11,11.94
"311",2000-02-14,11.67
"312",2000-02-15,11.25
"313",2000-02-16,11.6675
"314",2000-02-22,11.11
"315",2000-02-23,11.11
"316",2000-02-25,11.11
"317",2000-02-28,11.11
"318",2000-02-29,11.39
"319",2000-03-01,12.002
"320",2000-03-06,11.11
"321",2000-03-07,11.065
"322",2000-03-08,11.11
"323",2000-03-09,10.56
"324",2000-03-10,10.56
"325",2000-03-13,NA
"326",2000-03-14,13.195
"327",2000-03-15,12.2925
"328",2000-03-17,13.06
"329",2000-03-21,10.83
"330",2000-03-22,13.33
"331",2000-03-23,14.44
"332",2000-03-24,18.3755555555556
"333",2000-03-27,16.67
"334",2000-03-28,18.276
"335",2000-03-29,17.2233333333333
"336",2000-03-30,16.11
"337",2000-03-31,17.7766666666667
"338",2000-04-03,20
"339",2000-04-04,20
"340",2000-04-05,18.89
"341",2000-04-06,20.5566666666667
"342",2000-04-07,18.335
"343",2000-04-10,19.165
"344",2000-04-12,20.42
"345",2000-04-14,19.44
"346",2000-04-17,17.78
"347",2000-04-19,17.085
"348",2000-04-21,18.61
"349",2000-04-24,19.025
"350",2000-04-26,20.135
"351",2000-04-27,20.555
"352",2000-04-28,20.695
"353",2000-05-01,20
"354",2000-05-03,21.25
"355",2000-05-05,20.415
"356",2000-05-08,19.03
"357",2000-05-10,18.885
"358",2000-05-12,19.865
"359",2000-05-15,19.305
"360",2000-05-17,19.305
"361",2000-05-19,20.585
"362",2000-05-22,26.11
"363",2000-05-24,26.665
"364",2000-05-25,25.4633333333333
"365",2000-05-26,25
"366",2000-05-31,NA
"367",2000-06-02,25.28
"368",2000-06-05,20.28
"369",2000-06-07,20.42
"370",2000-06-09,21.39
"371",2000-06-12,22.08
"372",2000-06-14,23.195
"373",2000-06-16,25.695
"374",2000-06-19,23.055
"375",2000-06-21,23.61
"376",2000-06-23,23.75
"377",2000-06-26,25.056
"378",2000-06-28,24.03
"379",2000-06-30,23.47
"380",2000-07-27,25.8366666666667
"381",2000-09-08,25.37
"382",2000-09-26,NA
"383",2000-09-27,26.11
"384",2000-09-29,25.6975
"385",2000-10-02,25.56
"386",2000-10-04,25.56
"387",2000-10-06,26.11
"388",2000-10-10,25.56
"389",2000-10-12,17.78
"390",2000-10-13,16.67
"391",2000-10-16,17.78
"392",2000-10-18,17.78
"393",2000-10-20,18.33
"394",2000-10-23,13.33
"395",2000-10-25,14.44
"396",2000-10-27,15
"397",2000-10-30,14.44
"398",2000-11-01,14.165
"399",2000-11-03,13.33
"400",2000-11-06,13.89
"401",2000-11-08,13.89
"402",2000-11-09,13.33
"403",2000-11-13,11.11
"404",2000-11-15,10.83
"405",2000-11-17,9.44
"406",2000-11-20,9.44
"407",2000-11-21,9.44
"408",2000-11-24,11.11
"409",2000-11-27,10
"410",2000-11-29,9.86
"411",2000-12-01,9.44
"412",2000-12-04,10.56
"413",2000-12-06,9.72
"414",2000-12-08,9.72
"415",2000-12-11,11.11
"416",2000-12-13,11.11
"417",2000-12-15,11.67
"418",2000-12-18,9.72
"419",2000-12-20,9.44
"420",2000-12-22,8.61
"421",2000-12-27,8.06
"422",2000-12-29,7.985
"423",2001-01-02,7.78
"424",2001-01-03,7.915
"425",2001-01-05,8.195
"426",2001-01-08,8.33
"427",2001-01-10,8.195
"428",2001-01-12,8.89
"429",2001-01-16,7.92
"430",2001-01-17,6.945
"431",2001-01-19,7.36
"432",2001-01-22,7.78
"433",2001-01-24,8.61
"434",2001-01-25,8.3325
"435",2001-01-26,8.75
"436",2001-01-29,8.335
"437",2001-01-30,7.78
"438",2001-01-31,7.64
"439",2001-02-02,8.61
"440",2001-02-05,10.695
"441",2001-02-07,10.835
"442",2001-02-09,8.75
"443",2001-02-13,8.33
"444",2001-02-14,8.33
"445",2001-02-16,9.58
"446",2001-02-20,11.39
"447",2001-02-21,11.805
"448",2001-02-22,11.525
"449",2001-02-23,11.11
"450",2001-02-24,11.11
"451",2001-02-25,10
"452",2001-02-26,11.665
"453",2001-02-27,12.08
"454",2001-02-28,11.67
"455",2001-03-01,12.57
"456",2001-03-02,11.82
"457",2001-03-05,11.945
"458",2001-03-06,12.22
"459",2001-03-07,13.195
"460",2001-03-08,13.75
"461",2001-03-09,13.61
"462",2001-03-12,14.03
"463",2001-03-13,14.165
"464",2001-03-14,15.28
"465",2001-03-15,15.835
"466",2001-03-16,15
"467",2001-03-19,18.75
"468",2001-03-20,20.5533333333333
"469",2001-03-21,20.555
"470",2001-03-23,20
"471",2001-03-26,19.86
"472",2001-03-28,19.305
"473",2001-04-02,18.75
"474",2001-04-04,17.78
"475",2001-04-06,16.11
"476",2001-04-09,14.165
"477",2001-04-11,15.28
"478",2001-04-13,15.28
"479",2001-04-16,16.25
"480",2001-04-18,17.5
"481",2001-04-20,16.67
"482",2001-04-23,17.22
"483",2001-04-26,20.555
"484",2001-04-30,22.5
"485",2001-05-03,18.885
"486",2001-05-04,18.4233333333333
"487",2001-05-05,20.56
"488",2001-05-07,21.39
"489",2001-05-09,23.885
"490",2001-05-11,24.165
"491",2001-05-14,20.555
"492",2001-05-17,22.775
"493",2001-05-21,23.75
"494",2001-05-24,24.025
"495",2001-05-29,22.78
"496",2001-05-31,25.74
"497",2001-06-01,23.61
"498",2001-06-04,21.665
"499",2001-06-08,24.585
"500",2001-06-11,22.915
"501",2001-06-13,21.805
"502",2001-06-18,24.58
"503",2001-06-20,25.97
"504",2001-06-22,26.67
"505",2001-06-25,22.41
"506",2001-06-26,21.39
"507",2001-06-29,22.64
"508",2001-07-23,23.61
"509",2001-08-20,22.4066666666667
"510",2001-09-24,20
"511",2001-09-28,19.17
"512",2001-10-01,20.28
"513",2001-10-03,21.11
"514",2001-10-05,20.83
"515",2001-10-09,17.78
"516",2001-10-10,17.78
"517",2001-10-12,17
"518",2001-10-15,17.78
"519",2001-10-17,17.67
"520",2001-10-19,18
"521",2001-10-22,16.5
"522",2001-10-24,15.3
"523",2001-10-26,15.3
"524",2001-10-29,16.1
"525",2001-10-30,16.2
"526",2001-10-31,15.9
"527",2001-11-02,15.8
"528",2001-11-05,15.56
"529",2001-11-07,15.2
"530",2001-11-09,15
"531",2001-11-13,15.3
"532",2001-11-16,15.8
"533",2001-11-19,15.4
"534",2001-11-21,15.1
"535",2001-11-26,11.9
"536",2001-11-28,9.975
"537",2001-11-30,10.4
"538",2001-12-03,11
"539",2001-12-05,10
"540",2001-12-07,10.7
"541",2001-12-10,NA
"542",2001-12-12,10
"543",2001-12-14,9.6
"544",2001-12-17,9.1
"545",2001-12-18,9.86666666666667
"546",2001-12-19,9.3
"547",2001-12-21,9.7
"548",2001-12-24,9.9
"549",2001-12-26,10.2
"550",2001-12-28,10.5
"551",2001-12-31,12.7
"552",2002-01-01,NA
"553",2002-01-02,13.5
"554",2002-01-03,13.1
"555",2002-01-04,12.1
"556",2002-01-07,11.1566666666667
"557",2002-01-08,11.1125
"558",2002-01-09,12.8
"559",2002-01-10,11.9
"560",2002-01-11,11.5
"561",2002-01-14,11.25
"562",2002-01-15,10
"563",2002-01-16,10.25
"564",2002-01-18,8.6
"565",2002-01-22,8.55
"566",2002-01-23,8.35
"567",2002-01-24,10.1
"568",2002-01-25,9
"569",2002-01-28,8.55
"570",2002-01-30,8.25
"571",2002-02-01,8.2
"572",2002-02-04,9.3
"573",2002-02-06,10.15
"574",2002-02-08,12.3
"575",2002-02-11,12.3
"576",2002-02-13,13
"577",2002-02-15,13.35
"578",2002-02-18,13.6
"579",2002-02-20,13.8
"580",2002-02-22,14.8
"581",2002-02-25,15.4
"582",2002-02-26,16.125
"583",2002-02-27,15.35
"584",2002-03-01,13.9
"585",2002-03-04,14
"586",2002-03-06,14.05
"587",2002-03-08,14
"588",2002-03-11,14.95
"589",2002-03-12,15.4
"590",2002-03-13,14.95
"591",2002-03-15,14.3
"592",2002-03-18,12.7
"593",2002-03-20,14.3
"594",2002-03-21,15.6
"595",2002-03-22,15.1
"596",2002-03-25,16.05
"597",2002-03-26,17
"598",2002-03-29,20.1
"599",2002-04-01,19.95
"600",2002-04-03,19.8
"601",2002-04-05,18.6
"602",2002-04-08,18.5
"603",2002-04-10,17.95
"604",2002-04-12,19.15
"605",2002-04-15,19.65
"606",2002-04-17,17.05
"607",2002-04-19,16.35
"608",2002-04-22,17.75
"609",2002-04-24,19.4
"610",2002-04-25,19.9333333333333
"611",2002-04-26,17.95
"612",2002-04-29,16.65
"613",2002-05-01,16.55
"614",2002-05-03,17.25
"615",2002-05-06,19
"616",2002-05-08,18.95
"617",2002-05-10,18.1
"618",2002-05-13,20.85
"619",2002-05-15,NA
"620",2002-05-17,21.45
"621",2002-05-20,NA
"622",2002-05-22,NA
"623",2002-05-24,20.9
"624",2002-05-28,22.65
"625",2002-05-29,25
"626",2002-05-31,24.7
"627",2002-06-03,22.65
"628",2002-06-05,26.05
"629",2002-06-07,24.5
"630",2002-06-10,22.15
"631",2002-06-12,22
"632",2002-06-14,20.3
"633",2002-06-17,21.1
"634",2002-06-19,23.2
"635",2002-06-20,24.5666666666667
"636",2002-06-24,22.3
"637",2002-07-17,24.2666666666667
"638",2002-08-23,20.6333333333333
"639",2002-09-30,19.3666666666667
"640",2002-10-02,16.8
"641",2002-10-04,16.5
"642",2002-10-07,18.7
"643",2002-10-11,18.5
"644",2002-10-16,18.8
"645",2002-10-18,15.9
"646",2002-10-22,18.2
"647",2002-10-25,14.9
"648",2002-10-29,16.3
"649",2002-10-31,14.5
"650",2002-11-04,15.2
"651",2002-11-08,13.5
"652",2002-11-12,14.1
"653",2002-11-15,16.1
"654",2002-11-19,14.5
"655",2002-11-22,14
"656",2002-11-25,11.8
"657",2002-11-27,10.5
"658",2002-12-02,11.5
"659",2002-12-03,9.3
"660",2002-12-06,10
"661",2002-12-10,10.1
"662",2002-12-13,10.3
"663",2002-12-16,11.4
"664",2002-12-23,9.1
"665",2002-12-30,9.15
"666",2003-01-03,9.45
"667",2003-01-06,10.9333333333333
"668",2003-01-07,9.9
"669",2003-01-08,9.55
"670",2003-01-09,9.3
"671",2003-01-10,9
"672",2003-01-13,11.95
"673",2003-01-14,13
"674",2003-01-15,12.8
"675",2003-01-17,12
"676",2003-01-22,10.75
"677",2003-01-27,13.6
"678",2003-01-29,13.15
"679",2003-01-30,12.9
"680",2003-01-31,13
"681",2003-02-03,11.4333333333333
"682",2003-02-04,11.4
"683",2003-02-07,9.2
"684",2003-02-10,9.3
"685",2003-02-11,9.7
"686",2003-02-13,10.0666666666667
"687",2003-02-14,12.1
"688",2003-02-18,12.65
"689",2003-02-20,13.2
"690",2003-02-21,13.1
"691",2003-02-24,14.4
"692",2003-02-26,13.3
"693",2003-02-28,13.25
"694",2003-03-03,13.8
"695",2003-03-04,13.525
"696",2003-03-05,15.15
"697",2003-03-07,14.85
"698",2003-03-10,16
"699",2003-03-12,17.15
"700",2003-03-13,11.35
"701",2003-03-14,18.15
"702",2003-03-17,13.95
"703",2003-03-19,13.75
"704",2003-03-21,15.95
"705",2003-03-24,16.15
"706",2003-03-26,16.9
"707",2003-03-28,15.5
"708",2003-04-01,17.2
"709",2003-04-02,15.9666666666667
"710",2003-04-03,14.55
"711",2003-04-07,16.15
"712",2003-04-09,17.8
"713",2003-04-11,17.2
"714",2003-04-14,15.3
"715",2003-04-16,14
"716",2003-04-18,15.5
"717",2003-04-21,16.8
"718",2003-04-23,15.75
"719",2003-04-25,15.2
"720",2003-04-28,16.1
"721",2003-05-01,16.3
"722",2003-05-05,16.5
"723",2003-05-07,16.7
"724",2003-05-08,17.6
"725",2003-05-12,18.55
"726",2003-05-14,21.1
"727",2003-05-16,19.95
"728",2003-05-19,19.8
"729",2003-05-21,21.95
"730",2003-05-22,NA
"731",2003-05-23,24.15
"732",2003-05-27,24.04
"733",2003-05-28,24.95
"734",2003-05-29,NA
"735",2003-05-30,23.3
"736",2003-06-02,25.1
"737",2003-06-04,24.45
"738",2003-06-06,23.4
"739",2003-06-09,22.55
"740",2003-06-10,21.3
"741",2003-06-11,21.8
"742",2003-06-13,21.75
"743",2003-06-16,24.1
"744",2003-06-18,23.06
"745",2003-06-20,22.65
"746",2003-06-24,23
"747",2003-06-25,23.95
"748",2003-06-27,26.05
"749",2003-06-30,24.9
"750",2003-07-01,23.3
"751",2003-11-03,14.6
"752",2003-11-05,15.1
"753",2003-11-07,14.7
"754",2003-11-10,14.9
"755",2003-11-12,13.9
"756",2003-11-14,14.5
"757",2003-11-17,13.5
"758",2003-11-19,13.9
"759",2003-11-21,13.5
"760",2003-11-24,10.2
"761",2003-11-26,10.2
"762",2003-11-28,9.9
"763",2003-12-01,10.1
"764",2003-12-03,11.8
"765",2003-12-05,12.2
"766",2003-12-10,10.6
"767",2003-12-12,10.4
"768",2003-12-15,10.1
"769",2003-12-17,10
"770",2003-12-19,9.2
"771",2003-12-22,9.5
"772",2003-12-24,14.6
"773",2003-12-26,9.5
"774",2003-12-31,7.6
"775",2004-01-05,7.4
"776",2004-01-07,NA
"777",2004-01-08,NA
"778",2004-01-09,8.6
"779",2004-01-12,10.45
"780",2004-01-14,10
"781",2004-01-16,10.1
"782",2004-01-20,9.85
"783",2004-01-21,9.9
"784",2004-01-23,9.55
"785",2004-01-26,9.2
"786",2004-01-28,9.86666666666667
"787",2004-01-30,9.85
"788",2004-02-02,9.6
"789",2004-02-04,10.4
"790",2004-02-05,9.8
"791",2004-02-06,10.15
"792",2004-02-09,10.2
"793",2004-02-11,10.7
"794",2004-02-13,10.7
"795",2004-02-18,12.3
"796",2004-02-20,13.3
"797",2004-02-24,11.45
"798",2004-02-25,11.3
"799",2004-03-01,11.1
"800",2004-03-05,10.45
"801",2004-03-08,NA
"802",2004-03-10,15.8
"803",2004-03-12,16.7
"804",2004-03-15,19.6
"805",2004-03-17,18.6
"806",2004-03-19,20.5
"807",2004-03-22,20.8
"808",2004-03-24,19.45
"809",2004-03-26,16
"810",2004-03-29,17.7
"811",2004-03-31,16.6
"812",2004-04-02,15.2
"813",2004-04-05,15.7
"814",2004-04-07,17.5333333333333
"815",2004-04-09,19.9
"816",2004-04-12,18.7
"817",2004-04-14,18.5
"818",2004-04-16,17.7
"819",2004-04-19,16.15
"820",2004-04-21,16.8833333333333
"821",2004-04-23,17.45
"822",2004-04-26,21.15
"823",2004-04-28,22.7
"824",2004-04-30,21.25
"825",2004-05-03,22.8
"826",2004-05-05,22.3
"827",2004-05-07,21.675
"828",2004-05-10,21.725
"829",2004-05-12,20.9
"830",2004-05-14,22.15
"831",2004-05-18,20.5
"832",2004-05-19,22.7
"833",2004-05-20,22.8
"834",2004-05-21,21.65
"835",2004-05-24,20.9
"836",2004-05-26,20.7
"837",2004-05-28,20.05
"838",2004-06-01,23.2
"839",2004-06-02,23.8
"840",2004-06-04,23.35
"841",2004-06-07,22.35
"842",2004-06-09,23.05
"843",2004-06-11,22.2
"844",2004-06-14,23.65
"845",2004-06-16,24.4
"846",2004-06-18,23.85
"847",2004-06-22,24
"848",2004-06-23,22.8
"849",2004-06-25,22.5
"850",2004-06-28,23.45
"851",2004-06-30,22.2
"852",2004-10-04,NA
"853",2004-10-07,19.3
"854",2004-10-08,20
"855",2004-10-12,17.7
"856",2004-10-13,18.8
"857",2004-10-15,17.7
"858",2004-10-18,NA
"859",2004-10-19,15.1
"860",2004-10-20,15.6
"861",2004-10-22,16.7
"862",2004-10-25,NA
"863",2004-10-27,14.7
"864",2004-10-29,13.9
"865",2004-11-01,13.3
"866",2004-11-03,13.2
"867",2004-11-05,15.4
"868",2004-11-08,13.5
"869",2004-11-10,13.3
"870",2004-11-12,14.5
"871",2004-11-15,14
"872",2004-11-17,13.9
"873",2004-11-19,13.7
"874",2004-11-22,11.3
"875",2004-11-24,10.925
"876",2004-11-26,10.6
"877",2004-11-29,9.3
"878",2004-12-01,8.6
"879",2004-12-03,7.8
"880",2004-12-07,7.95
"881",2004-12-08,8.9
"882",2004-12-10,11.2
"883",2004-12-13,11.9
"884",2004-12-15,12.2
"885",2004-12-17,11.6
"886",2004-12-20,9.1
"887",2004-12-22,9.05
"888",2004-12-24,7.7
"889",2004-12-27,7.7
"890",2004-12-29,9.7
"891",2004-12-31,9.7
"892",2005-01-03,NA
"893",2005-01-05,8.25
"894",2005-01-06,10.7
"895",2005-01-07,8.55
"896",2005-01-10,8.2
"897",2005-01-12,8.1
"898",2005-01-13,NA
"899",2005-01-14,8
"900",2005-01-18,8.2
"901",2005-01-19,8.3
"902",2005-01-21,8.5
"903",2005-01-24,8.55
"904",2005-01-26,9.8
"905",2005-01-28,10.75
"906",2005-01-31,10.8
"907",2005-02-02,11.05
"908",2005-02-04,11.4
"909",2005-02-07,12.25
"910",2005-02-08,12.05
"911",2005-02-09,12.35
"912",2005-02-11,12.375
"913",2005-02-14,12.75
"914",2005-02-16,12.45
"915",2005-02-18,12.8
"916",2005-02-22,13.55
"917",2005-02-23,13.9
"918",2005-02-25,13.75
"919",2005-02-28,14.45
"920",2005-03-02,14.3
"921",2005-03-04,14.3
"922",2005-03-07,16.85
"923",2005-03-09,18.9
"924",2005-03-11,19.5
"925",2005-03-14,17.75
"926",2005-03-16,16.6
"927",2005-03-17,15.9333333333333
"928",2005-03-21,15.2
"929",2005-03-23,13.05
"930",2005-03-25,13.9
"931",2005-03-28,14.4
"932",2005-03-30,13.9
"933",2005-04-01,15.55
"934",2005-04-04,16.0333333333333
"935",2005-04-06,16.45
"936",2005-04-08,14.5
"937",2005-04-11,16.35
"938",2005-04-13,15.95
"939",2005-04-15,15.1
"940",2005-04-18,17.95
"941",2005-04-19,16.1
"942",2005-04-20,17.1333333333333
"943",2005-04-22,18.25
"944",2005-04-25,17.75
"945",2005-04-27,19.15
"946",2005-04-29,20.1
"947",2005-05-02,20.35
"948",2005-05-04,21.3
"949",2005-05-06,21.4
"950",2005-05-09,18.95
"951",2005-05-11,20.2
"952",2005-05-13,21.35
"953",2005-05-16,22.55
"954",2005-05-18,20.3
"955",2005-05-20,21.1
"956",2005-05-23,19.3
"957",2005-05-24,21
"958",2005-05-25,23.6
"959",2005-05-27,24.4
"960",2005-05-28,21.65
"961",2005-05-31,24.55
"962",2005-06-01,24.85
"963",2005-06-03,25.05
"964",2005-06-06,23.3
"965",2005-06-08,21.6
"966",2005-06-10,22.45
"967",2005-06-13,25.1
"968",2005-06-15,26.05
"969",2005-06-17,21.7
"970",2005-06-20,22.7
"971",2005-06-22,22.45
"972",2005-06-24,23.05
"973",2005-10-07,20.3
"974",2005-10-11,19
"975",2005-10-14,20.4
"976",2005-10-18,17.3
"977",2005-10-19,17.6
"978",2005-10-21,17.3
"979",2005-10-24,17.4
"980",2005-10-26,17.1
"981",2005-10-28,16.2
"982",2005-10-31,16.5
"983",2005-11-02,15.6
"984",2005-11-04,15.2
"985",2005-11-07,14.9
"986",2005-11-11,15.5
"987",2005-11-14,15.7
"988",2005-11-16,14.9
"989",2005-11-18,13.7
"990",2005-11-21,11.9
"991",2005-11-23,10.9
"992",2005-11-28,11.1
"993",2005-11-30,9.8
"994",2005-12-02,10.7
"995",2005-12-05,9.2
"996",2005-12-09,NA
"997",2005-12-13,9
"998",2005-12-14,8.7
"999",2005-12-16,8.2
"1000",2005-12-19,9.9
"1001",2005-12-21,10.8
"1002",2005-12-23,12.8
"1003",2005-12-29,11.7
"1004",2006-01-03,10.35
"1005",2006-01-04,9.9
"1006",2006-01-11,10.8
"1007",2006-01-12,NA
"1008",2006-01-13,10.6
"1009",2006-01-17,10.6333333333333
"1010",2006-01-18,10.44
"1011",2006-01-19,9.7
"1012",2006-01-20,9.3
"1013",2006-01-23,10.3666666666667
"1014",2006-01-24,9
"1015",2006-01-25,10.05
"1016",2006-01-26,10.2
"1017",2006-01-27,10.2
"1018",2006-01-30,11.95
"1019",2006-01-31,11.2666666666667
"1020",2006-02-01,11.25
"1021",2006-02-03,13.45
"1022",2006-02-06,12.1
"1023",2006-02-08,12.4
"1024",2006-02-10,11.5
"1025",2006-02-14,14.7
"1026",2006-02-15,12.5
"1027",2006-02-17,10.95
"1028",2006-02-21,10.65
"1029",2006-02-22,11.15
"1030",2006-02-23,12.8
"1031",2006-02-24,12.1
"1032",2006-02-27,12.85
"1033",2006-02-28,12.6
"1034",2006-03-01,12.2
"1035",2006-03-03,12.24
"1036",2006-03-08,12.04
"1037",2006-03-13,10.72
"1038",2006-03-16,10.8
"1039",2006-03-17,11.2
"1040",2006-03-20,11.1
"1041",2006-03-21,11.48
"1042",2006-03-22,12.25
"1043",2006-03-24,14.25
"1044",2006-03-27,14.475
"1045",2006-03-28,13
"1046",2006-03-29,12.5
"1047",2006-03-30,11.6
"1048",2006-04-03,11.6
"1049",2006-04-05,11.8666666666667
"1050",2006-04-10,13.5
"1051",2006-04-11,13.2666666666667
"1052",2006-04-12,12.9
"1053",2006-04-13,13.7
"1054",2006-04-14,14.4
"1055",2006-04-18,15.42
"1056",2006-04-24,15.85
"1057",2006-04-25,14.6333333333333
"1058",2006-04-27,16.55
"1059",2006-05-01,19.65
"1060",2006-05-02,19.3333333333333
"1061",2006-05-03,NA
"1062",2006-05-04,17.9
"1063",2006-05-05,17.7
"1064",2006-05-08,21.9
"1065",2006-05-09,20.6
"1066",2006-05-10,21.4
"1067",2006-05-11,22.2
"1068",2006-05-12,22.25
"1069",2006-05-15,23.85
"1070",2006-05-16,23.6
"1071",2006-05-17,24.35
"1072",2006-05-18,24.6333333333333
"1073",2006-05-19,22.65
"1074",2006-05-22,21.6
"1075",2006-05-23,20.8
"1076",2006-05-24,23.325
"1077",2006-05-25,20.8
"1078",2006-05-26,20.65
"1079",2006-05-30,21.55
"1080",2006-05-31,22.3
"1081",2006-06-01,23.45
"1082",2006-06-02,23.9
"1083",2006-06-05,24.9
"1084",2006-06-07,24.9333333333333
"1085",2006-06-09,24.7
"1086",2006-06-12,22.3
"1087",2006-06-14,21.8
"1088",2006-06-16,24.2
"1089",2006-06-19,24.8
"1090",2006-06-21,25.9
"1091",2006-06-23,26.5
"1092",2006-06-26,26.4
"1093",2006-06-28,28.4333333333333
"1094",2006-06-30,24.5
"1095",2006-10-23,NA
"1096",2006-10-26,14.6
"1097",2006-10-27,14.2
"1098",2006-10-30,14
"1099",2006-11-01,13.5
"1100",2006-11-03,14.4
"1101",2006-11-06,15.1
"1102",2006-11-08,15.9
"1103",2006-11-09,15.3
"1104",2006-11-13,13.1
"1105",2006-11-15,12.7
"1106",2006-11-17,13.5
"1107",2006-11-20,14.3
"1108",2006-11-22,13.4
"1109",2006-11-27,10.6
"1110",2006-11-29,8.6
"1111",2006-12-01,7.4
"1112",2006-12-04,7
"1113",2006-12-06,7.7
"1114",2006-12-08,8.1
"1115",2006-12-11,9.6
"1116",2006-12-13,10.6
"1117",2006-12-15,12.1
"1118",2006-12-18,8.6
"1119",2006-12-20,6.4
"1120",2006-12-22,6.5
"1121",2007-01-02,NA
"1122",2007-01-03,6.7
"1123",2007-01-05,7.55
"1124",2007-01-08,7.25
"1125",2007-01-10,7
"1126",2007-01-12,6.35
"1127",2007-01-17,4.6
"1128",2007-01-19,5.1
"1129",2007-01-22,6
"1130",2007-01-24,6.5
"1131",2007-01-25,6.7
"1132",2007-01-26,7.3
"1133",2007-01-29,8.85
"1134",2007-01-31,8.8
"1135",2007-02-02,8.8
"1136",2007-02-05,9.95
"1137",2007-02-07,10.8
"1138",2007-02-09,11.7
"1139",2007-02-14,12.8
"1140",2007-02-16,13.4
"1141",2007-02-20,13.1
"1142",2007-02-21,12.2
"1143",2007-02-23,11.75
"1144",2007-02-26,11.15
"1145",2007-02-28,10.55
"1146",2007-03-03,12.15
"1147",2007-03-05,15.5
"1148",2007-03-07,15.1
"1149",2007-03-09,15.05
"1150",2007-03-12,17.8
"1151",2007-03-14,18.6
"1152",2007-03-16,18.9
"1153",2007-03-19,19.925
"1154",2007-03-21,17.65
"1155",2007-03-23,16.8
"1156",2007-03-26,17.3
"1157",2007-03-28,15.25
"1158",2007-03-30,16.95
"1159",2007-04-02,17.875
"1160",2007-04-04,17.2
"1161",2007-04-06,18.2
"1162",2007-04-09,18.45
"1163",2007-04-11,18.5
"1164",2007-04-13,17.05
"1165",2007-04-16,16.675
"1166",2007-04-18,15.85
"1167",2007-04-20,15.95
"1168",2007-04-23,17.3
"1169",2007-04-25,17.75
"1170",2007-04-27,19.7
"1171",2007-04-30,21.25
"1172",2007-05-02,20.675
"1173",2007-05-04,18.85
"1174",2007-05-07,19.95
"1175",2007-05-09,23.25
"1176",2007-05-11,20.85
"1177",2007-05-14,21.6
"1178",2007-05-16,19.5
"1179",2007-05-18,20.05
"1180",2007-05-21,21.5
"1181",2007-05-23,20.7
"1182",2007-05-25,22.1
"1183",2007-05-29,22.8
"1184",2007-05-30,21.4
"1185",2007-06-01,19.9
"1186",2007-06-11,NA
"1187",2007-06-13,23.2
"1188",2007-06-15,25.7
"1189",2007-06-18,25.2
"1190",2007-06-20,23
"1191",2007-06-22,25.8
"1192",2007-08-20,NA
"1193",2007-10-05,16.95
"1194",2007-10-10,16.8
"1195",2007-10-12,17
"1196",2007-10-15,17.2
"1197",2007-10-17,15.4
"1198",2007-10-19,16.6
"1199",2007-10-22,14.5
"1200",2007-10-24,15.4
"1201",2007-10-26,16.9857142857143
"1202",2007-10-29,15.5
"1203",2007-10-31,15.9
"1204",2007-11-02,16.21
"1205",2007-11-05,14.6
"1206",2007-11-07,14.7
"1207",2007-11-09,14.98
"1208",2007-11-14,15.1666666666667
"1209",2007-11-16,15.4333333333333
"1210",2007-11-19,14.95
"1211",2007-11-21,13.3
"1212",2007-11-23,11.8
"1213",2007-11-26,9.6
"1214",2007-11-28,9
"1215",2007-11-30,9
"1216",2007-12-03,8.6
"1217",2007-12-05,10.85
"1218",2007-12-07,10.7
"1219",2007-12-10,8.2
"1220",2007-12-12,7.16666666666667
"1221",2007-12-14,7.21428571428571
"1222",2007-12-17,7.68888888888889
"1223",2007-12-19,8.3
"1224",2007-12-21,8.2
"1225",2007-12-24,7.1
"1226",2007-12-26,6.2
"1227",2007-12-28,5.4
"1228",2007-12-31,5.6
"1229",2008-01-02,5.6
"1230",2008-01-04,7.5
"1231",2008-01-07,7.4
"1232",2008-01-08,8.3
"1233",2008-01-09,NA
"1234",2008-01-11,8.9
"1235",2008-01-14,9.15
"1236",2008-01-16,8.8
"1237",2008-01-18,7.3
"1238",2008-01-21,7.5
"1239",2008-01-23,7.05
"1240",2008-01-25,7.05
"1241",2008-01-27,8.8
"1242",2008-01-28,8.7
"1243",2008-01-29,7.73333333333333
"1244",2008-01-30,8.5
"1245",2008-01-31,7.8
"1246",2008-02-01,9.05
"1247",2008-02-04,8.3
"1248",2008-02-05,6.9
"1249",2008-02-06,8.8
"1250",2008-02-07,9.5
"1251",2008-02-08,9.55
"1252",2008-02-10,10.4
"1253",2008-02-11,11.6
"1254",2008-02-12,12.2
"1255",2008-02-13,13.3
"1256",2008-02-14,10.1
"1257",2008-02-15,10.7
"1258",2008-02-19,11.6
"1259",2008-02-20,12.125
"1260",2008-02-22,11.9
"1261",2008-02-25,10.6
"1262",2008-02-26,10.9
"1263",2008-02-27,12.55
"1264",2008-02-28,13.1
"1265",2008-02-29,15.3
"1266",2008-03-03,12.3
"1267",2008-03-04,12.5
"1268",2008-03-05,13.15
"1269",2008-03-06,12.6
"1270",2008-03-07,NA
"1271",2008-03-10,NA
"1272",2008-03-11,NA
"1273",2008-03-12,NA
"1274",2008-03-14,NA
"1275",2008-03-17,NA
"1276",2008-03-18,NA
"1277",2008-03-19,NA
"1278",2008-03-20,NA
"1279",2008-03-21,14.75
"1280",2008-03-24,17
"1281",2008-03-25,17.3
"1282",2008-03-26,17.2
"1283",2008-03-28,15.95
"1284",2008-04-01,15.25
"1285",2008-04-02,15.52
"1286",2008-04-04,15.75
"1287",2008-04-07,16.15
"1288",2008-04-08,14.15
"1289",2008-04-09,16.85
"1290",2008-04-11,17.5
"1291",2008-04-14,19.05
"1292",2008-04-16,18.18
"1293",2008-04-18,18.15
"1294",2008-04-21,16.55
"1295",2008-04-23,17.55
"1296",2008-04-25,17.55
"1297",2008-04-28,21.4
"1298",2008-04-29,19.7714285714286
"1299",2008-05-01,19.5
"1300",2008-05-02,19.52
"1301",2008-05-05,19.85
"1302",2008-05-07,21
"1303",2008-05-08,20.8769230769231
"1304",2008-05-09,19.95
"1305",2008-05-12,20.2
"1306",2008-05-13,20.5357142857143
"1307",2008-05-14,21.98
"1308",2008-05-16,23.85
"1309",2008-05-19,24.55
"1310",2008-05-21,22.9
"1311",2008-05-22,19.8153846153846
"1312",2008-05-23,19.75
"1313",2008-05-27,20.9
"1314",2008-05-28,19.76
"1315",2008-05-29,21.4071428571429
"1316",2008-05-30,21.3
"1317",2008-06-02,21.6
"1318",2008-06-03,20.6
"1319",2008-06-04,23.1
"1320",2008-06-05,20.5
"1321",2008-06-06,20.8
"1322",2008-06-09,NA
"1323",2008-06-10,23.4
"1324",2008-06-11,21.44
"1325",2008-06-12,22.65
"1326",2008-06-13,23.4
"1327",2008-06-16,NA
"1328",2008-06-17,21.7
"1329",2008-06-18,22.2
"1330",2008-06-19,23.2
"1331",2008-06-20,24
"1332",2008-06-23,NA
"1333",2008-06-24,23.6
"1334",2008-06-25,22.9
"1335",2008-06-26,27.7
"1336",2008-06-27,22.9
"1337",2008-07-09,26.6
"1338",2008-07-16,23.65
"1339",2008-07-21,23.1
"1340",2008-07-22,22
"1341",2008-08-06,24
"1342",2008-08-07,23.05
"1343",2008-08-13,25.0785714285714
"1344",2008-08-20,23.1
"1345",2008-09-03,24.1333333333333
"1346",2008-09-18,19.6
"1347",2008-10-01,22.4666666666667
"1348",2008-10-02,21.6
"1349",2008-10-03,20.8
"1350",2008-10-06,NA
"1351",2008-10-07,20.7
"1352",2008-10-08,19.5
"1353",2008-10-09,18.9
"1354",2008-10-10,16.2
"1355",2008-10-14,NA
"1356",2008-10-15,14.8
"1357",2008-10-16,17.3
"1358",2008-10-17,16.3333333333333
"1359",2008-10-20,NA
"1360",2008-10-21,15.8
"1361",2008-10-22,15.7
"1362",2008-10-23,16
"1363",2008-10-24,15.9
"1364",2008-10-27,16.2
"1365",2008-10-28,16.9
"1366",2008-10-29,16.2
"1367",2008-10-30,16.3
"1368",2008-10-31,16.05
"1369",2008-11-04,16.1
"1370",2008-11-05,14.5
"1371",2008-11-06,14.6
"1372",2008-11-07,14.7
"1373",2008-11-11,14.9
"1374",2008-11-12,14.1
"1375",2008-11-13,14.975
"1376",2008-11-14,15.1
"1377",2008-11-17,15.1
"1378",2008-11-18,15.9
"1379",2008-11-19,NA
"1380",2008-11-20,15.2
"1381",2008-11-21,13.9
"1382",2008-11-24,13.1
"1383",2008-11-25,13.7
"1384",2008-11-26,12.525
"1385",2008-12-01,NA
"1386",2008-12-02,11.9
"1387",2008-12-03,11.4
"1388",2008-12-04,10.9
"1389",2008-12-05,10.3
"1390",2008-12-08,9.2
"1391",2008-12-09,8.5
"1392",2008-12-10,8.525
"1393",2008-12-11,8.2
"1394",2008-12-12,8.2
"1395",2008-12-15,7.6
"1396",2008-12-16,7.3
"1397",2008-12-17,6.1
"1398",2008-12-18,5.7
"1399",2008-12-19,6.2
"1400",2008-12-22,6.5
"1401",2008-12-23,6.925
"1402",2008-12-24,6.9
"1403",2008-12-26,7.1
"1404",2008-12-29,7.6
"1405",2008-12-30,8
"1406",2008-12-31,8.1
"1407",2009-01-02,7.7
"1408",2009-01-04,9.6
"1409",2009-01-05,7.05
"1410",2009-01-06,7.05
"1411",2009-01-07,7.04
"1412",2009-01-08,7.15
"1413",2009-01-09,6.65
"1414",2009-01-12,7.05
"1415",2009-01-13,7.6
"1416",2009-01-14,8.05
"1417",2009-01-15,8.6
"1418",2009-01-16,9.1
"1419",2009-01-20,9.3
"1420",2009-01-21,9.82
"1421",2009-01-22,9.8
"1422",2009-01-23,10.3
"1423",2009-01-26,11
"1424",2009-01-27,10.05
"1425",2009-01-28,9.65
"1426",2009-01-29,9.85
"1427",2009-01-30,9.75
"1428",2009-02-02,10
"1429",2009-02-03,10.2
"1430",2009-02-04,11.2
"1431",2009-02-05,10.95
"1432",2009-02-06,11.3
"1433",2009-02-09,10.85
"1434",2009-02-10,10.85
"1435",2009-02-11,10.6
"1436",2009-02-13,9.7
"1437",2009-02-16,9
"1438",2009-02-17,9.02
"1439",2009-02-18,9.9
"1440",2009-02-19,10.1
"1441",2009-02-20,10.4
"1442",2009-02-21,NA
"1443",2009-02-23,12.2
"1444",2009-02-24,13.15
"1445",2009-02-25,NA
"1446",2009-02-26,13.8
"1447",2009-02-27,13.6
"1448",2009-03-02,13.45
"1449",2009-03-03,13
"1450",2009-03-04,12
"1451",2009-03-05,11.85
"1452",2009-03-06,12.4
"1453",2009-03-09,12.85
"1454",2009-03-10,12.5
"1455",2009-03-11,12.65
"1456",2009-03-12,13.55
"1457",2009-03-13,13.95
"1458",2009-03-16,13.8
"1459",2009-03-17,14.5
"1460",2009-03-18,15.4
"1461",2009-03-19,16.25
"1462",2009-03-20,17.64
"1463",2009-03-23,14.715
"1464",2009-03-24,14.5
"1465",2009-03-25,15.65
"1466",2009-03-26,16.55
"1467",2009-03-27,16.6
"1468",2009-04-01,15.55
"1469",2009-04-02,16.64
"1470",2009-04-03,15.85
"1471",2009-04-06,16.15
"1472",2009-04-07,16.6
"1473",2009-04-08,16.25
"1474",2009-04-09,16.05
"1475",2009-04-10,16
"1476",2009-04-13,17.95
"1477",2009-04-14,17.55
"1478",2009-04-15,15.72
"1479",2009-04-16,15.8
"1480",2009-04-17,16.55
"1481",2009-04-20,19.95
"1482",2009-04-21,NA
"1483",2009-04-22,22.95
"1484",2009-04-23,21.1
"1485",2009-04-24,19.85
"1486",2009-04-27,18.6
"1487",2009-04-30,17.98
"1488",2009-05-01,17.4
"1489",2009-05-04,17.2
"1490",2009-05-05,17.9
"1491",2009-05-06,18.7
"1492",2009-05-07,20.2
"1493",2009-05-08,19.6
"1494",2009-05-11,22.72
"1495",2009-05-12,22.1
"1496",2009-05-13,22.2
"1497",2009-05-14,22.55
"1498",2009-05-15,22.85
"1499",2009-05-18,25.15
"1500",2009-05-19,24.05
"1501",2009-05-20,23.15
"1502",2009-05-21,24
"1503",2009-05-22,22.3
"1504",2009-05-26,20.65
"1505",2009-05-27,23.48
"1506",2009-05-28,23.4
"1507",2009-05-29,22.5
"1508",2009-06-01,20.95
"1509",2009-06-02,20.95
"1510",2009-06-03,22.3
"1511",2009-06-04,20.2
"1512",2009-06-05,20.55
"1513",2009-06-08,21.45
"1514",2009-06-09,21.65
"1515",2009-06-10,20.94
"1516",2009-06-11,21.4
"1517",2009-06-12,21.4
"1518",2009-06-15,20.9
"1519",2009-06-16,21.9
"1520",2009-06-17,21
"1521",2009-06-18,26.1
"1522",2009-06-19,23.6
"1523",2009-06-22,22.4
"1524",2009-06-23,23.3
"1525",2009-06-24,24
"1526",2009-06-25,23.675
"1527",2009-06-26,25.9
"1528",2009-06-29,24.9
"1529",2009-06-30,23.9
"1530",2009-07-01,24.2
"1531",2009-07-02,24
"1532",2009-07-03,23.5
"1533",2009-07-06,21.6
"1534",2009-07-07,21.6
"1535",2009-07-08,23.275
"1536",2009-07-10,22.4
"1537",2009-07-13,22.6
"1538",2009-07-14,23.4
"1539",2009-07-15,24.4
"1540",2009-07-16,25.2
"1541",2009-07-17,28
"1542",2009-07-20,25.3
"1543",2009-07-22,24.9
"1544",2009-07-24,23.3
"1545",2009-07-27,24.2
"1546",2009-07-28,23.3
"1547",2009-07-29,23
"1548",2009-08-05,22.6666666666667
"1549",2009-08-19,24.8333333333333
"1550",2009-09-01,23.2333333333333
"1551",2009-09-17,23.2333333333333
"1552",2009-09-29,20.2666666666667
"1553",2009-10-05,18.9
"1554",2009-10-06,17.4
"1555",2009-10-07,17.4
"1556",2009-10-08,17
"1557",2009-10-12,15.5
"1558",2009-10-13,15.7
"1559",2009-10-14,16.5
"1560",2009-10-15,17.5
"1561",2009-10-19,17.5
"1562",2009-10-20,16.8
"1563",2009-10-21,16.7
"1564",2009-10-22,17.1
"1565",2009-10-23,17.5
"1566",2009-10-26,17.3
"1567",2009-10-27,15.7
"1568",2009-10-28,13.7
"1569",2009-10-29,13.4
"1570",2009-10-30,13.2
"1571",2009-11-02,14.8
"1572",2009-11-03,15.4
"1573",2009-11-04,15.8
"1574",2009-11-05,15.4
"1575",2009-11-09,13.8
"1576",2009-11-10,13.7
"1577",2009-11-12,13.675
"1578",2009-11-16,12.3
"1579",2009-11-17,11.7
"1580",2009-11-18,11.9
"1581",2009-11-19,13.1
"1582",2009-11-23,9.3
"1583",2009-11-24,10.2
"1584",2009-11-25,10
"1585",2009-11-30,9.5
"1586",2009-12-01,9.1
"1587",2009-12-02,9.1
"1588",2009-12-03,9
"1589",2009-12-07,7.2
"1590",2009-12-08,6.76666666666667
"1591",2009-12-09,5.2
"1592",2009-12-10,5.7
"1593",2009-12-14,7.5
"1594",2009-12-15,8.05
"1595",2009-12-17,9.9
"1596",2009-12-21,10.3
"1597",2009-12-22,9.9
"1598",2009-12-23,8.9
"1599",2009-12-24,8
"1600",2009-12-28,7.5
"1601",2009-12-29,7.3
"1602",2009-12-30,7.5
"1603",2009-12-31,8.1
"1604",2010-01-04,9.62
"1605",2010-01-05,9.65
"1606",2010-01-06,9.55
"1607",2010-01-07,9.55
"1608",2010-01-11,NA
"1609",2010-01-12,9.5
"1610",2010-01-13,10.35
"1611",2010-01-14,11.15
"1612",2010-01-19,10.4
"1613",2010-01-20,9.5
"1614",2010-01-21,8.9
"1615",2010-01-25,8.1
"1616",2010-01-26,8.5
"1617",2010-01-27,8.95
"1618",2010-01-28,9.4
"1619",2010-01-29,9.85
"1620",2010-02-01,10.9333333333333
"1621",2010-02-02,10.55
"1622",2010-02-03,10.8
"1623",2010-02-04,11.25
"1624",2010-02-08,12.1
"1625",2010-02-09,11.8
"1626",2010-02-10,11.25
"1627",2010-02-11,11.9
"1628",2010-02-16,14.7
"1629",2010-02-17,15.2
"1630",2010-02-18,15.65
"1631",2010-02-23,12.5
"1632",2010-02-24,11.45
"1633",2010-02-25,12.1
"1634",2010-02-26,12.4
"1635",2010-03-01,12.95
"1636",2010-03-02,13.3
"1637",2010-03-03,12.5
"1638",2010-03-04,12.1
"1639",2010-03-08,12.75
"1640",2010-03-09,12.6
"1641",2010-03-10,12.45
"1642",2010-03-11,12.9
"1643",2010-03-15,12.2
"1644",2010-03-16,13.8
"1645",2010-03-17,15.7
"1646",2010-03-18,15.65
"1647",2010-03-22,16.6
"1648",2010-03-23,16.1333333333333
"1649",2010-03-24,16.5
"1650",2010-03-25,16.25
"1651",2010-03-26,15.95
"1652",2010-03-29,16.55
"1653",2010-03-30,16.5
"1654",2010-03-31,15.7
"1655",2010-04-01,15.35
"1656",2010-04-05,12.75
"1657",2010-04-06,13.3
"1658",2010-04-07,13.675
"1659",2010-04-08,15
"1660",2010-04-12,13.55
"1661",2010-04-13,13
"1662",2010-04-14,14.05
"1663",2010-04-15,14.6
"1664",2010-04-17,NA
"1665",2010-04-19,19.1
"1666",2010-04-20,17.65
"1667",2010-04-21,15.6
"1668",2010-04-22,13.4
"1669",2010-04-23,NA
"1670",2010-04-26,20.2
"1671",2010-04-27,19.5
"1672",2010-04-28,17.55
"1673",2010-04-29,16.6
"1674",2010-04-30,15.95
"1675",2010-05-03,18.45
"1676",2010-05-04,19.6
"1677",2010-05-05,19.9
"1678",2010-05-06,18.65
"1679",2010-05-10,17.5
"1680",2010-05-11,17
"1681",2010-05-12,17.45
"1682",2010-05-13,18.6
"1683",2010-05-17,19.35
"1684",2010-05-18,19.45
"1685",2010-05-19,19.6
"1686",2010-05-20,18.95
"1687",2010-05-27,18.55
"1688",2010-05-28,17.5
"1689",2010-06-01,NA
"1690",2010-06-02,21.725
"1691",2010-06-03,21.65
"1692",2010-06-07,23.45
"1693",2010-06-08,24.2
"1694",2010-06-09,23.15
"1695",2010-06-10,22.3
"1696",2010-06-14,23.25
"1697",2010-06-15,23.35
"1698",2010-06-16,22.5
"1699",2010-06-17,22.2
"1700",2010-06-21,22.3
"1701",2010-06-22,22.2
"1702",2010-06-23,24.35
"1703",2010-06-24,23.25
"1704",2010-06-25,22.95
"1705",2010-06-28,25.7
"1706",2010-06-29,25.65
"1707",2010-06-30,24.9
"1708",2010-07-01,24.8
"1709",2010-07-08,20.88
"1710",2010-07-09,21.1
"1711",2010-07-12,22.3
"1712",2010-07-13,20.7
"1713",2010-07-14,21.3
"1714",2010-07-15,22.6
"1715",2010-07-16,23.8
"1716",2010-07-28,23.54
"1717",2010-08-04,23.6
"1718",2010-08-11,21.33
"1719",2010-08-25,24.47
"1720",2010-09-15,21.04
"1721",2010-09-30,22.876
"1722",2010-10-05,18.9
"1723",2010-10-06,19.8545454545455
"1724",2010-10-07,20.2
"1725",2010-10-11,19.55
"1726",2010-10-12,18.8
"1727",2010-10-13,19.1
"1728",2010-10-14,19.9
"1729",2010-10-18,17.2
"1730",2010-10-19,17.2
"1731",2010-10-20,17.6
"1732",2010-10-21,16.9
"1733",2010-10-25,15.9
"1734",2010-10-26,16
"1735",2010-10-27,14.6
"1736",2010-10-28,15.8
"1737",2010-10-29,18.2
"1738",2010-11-01,15.2
"1739",2010-11-02,15.4
"1740",2010-11-03,16
"1741",2010-11-04,16.6
"1742",2010-11-05,16.3
"1743",2010-11-08,16.05
"1744",2010-11-09,14.8
"1745",2010-11-10,14.1
"1746",2010-11-15,13.8
"1747",2010-11-16,14.1
"1748",2010-11-17,14
"1749",2010-11-18,13.5
"1750",2010-11-19,13.1272727272727
"1751",2010-11-21,11.2
"1752",2010-11-22,11.2
"1753",2010-11-23,10.8
"1754",2010-11-24,9.1
"1755",2010-11-29,7.8
"1756",2010-11-30,7.6
"1757",2010-12-01,7.4
"1758",2010-12-02,7.86
"1759",2010-12-03,8.1
"1760",2010-12-06,NA
"1761",2010-12-07,NA
"1762",2010-12-08,11.7
"1763",2010-12-09,11.9
"1764",2010-12-10,12.7
"1765",2010-12-13,NA
"1766",2010-12-14,13
"1767",2010-12-15,12.7
"1768",2010-12-16,11.6
"1769",2010-12-17,10.5
"1770",2010-12-20,10.2
"1771",2010-12-21,9.9
"1772",2010-12-22,10.4
"1773",2010-12-23,10.8
"1774",2010-12-24,NA
"1775",2010-12-27,10.25
"1776",2010-12-28,10.15
"1777",2010-12-29,9.9
"1778",2010-12-30,8.7
"1779",2010-12-31,8.2
"1780",2011-01-03,7.3
"1781",2011-01-04,7.8
"1782",2011-01-05,7.4
"1783",2011-01-06,7.2
"1784",2011-01-07,6.9
"1785",2011-01-10,6.45
"1786",2011-01-11,6.35
"1787",2011-01-12,6.75
"1788",2011-01-13,7.45
"1789",2011-01-14,8.15
"1790",2011-01-18,10.4
"1791",2011-01-19,10.7083333333333
"1792",2011-01-20,10.25
"1793",2011-01-21,10.4
"1794",2011-01-24,10.55
"1795",2011-01-25,10.5
"1796",2011-01-26,10.9
"1797",2011-01-27,10.45
"1798",2011-01-28,10.35
"1799",2011-01-31,9.55
"1800",2011-02-01,9.7
"1801",2011-02-02,9.68333333333333
"1802",2011-02-03,9.2
"1803",2011-02-04,9.45
"1804",2011-02-07,11.5
"1805",2011-02-08,10.95
"1806",2011-02-09,10.25
"1807",2011-02-10,10
"1808",2011-02-11,9.93333333333333
"1809",2011-02-14,10.6
"1810",2011-02-15,11
"1811",2011-02-16,11.3333333333333
"1812",2011-02-17,10.6
"1813",2011-02-18,9.2
"1814",2011-02-22,8.6
"1815",2011-02-23,9.55
"1816",2011-02-24,9.65
"1817",2011-02-25,9.15
"1818",2011-02-28,9.2
"1819",2011-03-01,10
"1820",2011-03-02,10.9333333333333
"1821",2011-03-03,11.3
"1822",2011-03-04,12.55
"1823",2011-03-07,13.3
"1824",2011-03-08,13.55
"1825",2011-03-09,14.25
"1826",2011-03-10,14
"1827",2011-03-11,14.05
"1828",2011-03-14,13.95
"1829",2011-03-15,14.6
"1830",2011-03-16,12.55
"1831",2011-03-17,NA
"1832",2011-03-18,12.9
"1833",2011-03-19,10.35
"1834",2011-03-20,9.45
"1835",2011-03-25,10.25
"1836",2011-03-28,11.2
"1837",2011-04-01,14.9
"1838",2011-04-05,14.8833333333333
"1839",2011-04-07,13.7166666666667
"1840",2011-04-12,16.0857142857143
"1841",2011-04-14,15.15
"1842",2011-04-15,16.5
"1843",2011-04-18,19.3
"1844",2011-04-19,18.7
"1845",2011-04-20,19
"1846",2011-04-21,18.2
"1847",2011-04-22,19.5
"1848",2011-04-25,17.9
"1849",2011-04-26,18.5
"1850",2011-04-27,17.9
"1851",2011-04-28,18.7416666666667
"1852",2011-04-29,17.65
"1853",2011-05-02,17.725
"1854",2011-05-03,18.35
"1855",2011-05-04,19.25
"1856",2011-05-05,20
"1857",2011-05-06,20.85
"1858",2011-05-09,18.9
"1859",2011-05-10,19.1
"1860",2011-05-11,19.3833333333333
"1861",2011-05-12,19.15
"1862",2011-05-13,19.7
"1863",2011-05-16,17.75
"1864",2011-05-17,16.55
"1865",2011-05-18,16.8
"1866",2011-05-19,17.7
"1867",2011-05-20,18.8
"1868",2011-05-23,20
"1869",2011-05-24,20.65
"1870",2011-05-25,19.4
"1871",2011-05-26,19.1
"1872",2011-05-27,19.35
"1873",2011-05-31,18.7
"1874",2011-06-01,17.95
"1875",2011-06-02,17.6
"1876",2011-06-03,NA
"1877",2011-06-06,17.8
"1878",2011-06-07,18.6666666666667
"1879",2011-06-08,18.9
"1880",2011-06-09,21.25
"1881",2011-06-10,21.55
"1882",2011-06-13,23.66
"1883",2011-06-14,23.8
"1884",2011-06-15,25.65
"1885",2011-06-16,25.2
"1886",2011-06-17,24.95
"1887",2011-06-20,24.85
"1888",2011-06-21,25.7
"1889",2011-06-22,25.85
"1890",2011-06-23,25.4
"1891",2011-06-24,26.4
"1892",2011-06-27,24.1785714285714
"1893",2011-06-28,23.15
"1894",2011-06-29,22
"1895",2011-06-30,22.05
"1896",2011-07-01,23.8
"1897",2011-07-05,27.85
"1898",2011-07-06,27.8
"1899",2011-07-07,26.85
"1900",2011-07-08,27.55
"1901",2011-07-12,23.67
"1902",2011-07-20,25.92
"1903",2011-08-03,24.5909090909091
"1904",2011-08-19,23.51
"1905",2011-08-31,22.99
"1906",2011-09-14,22.83
"1907",2011-09-26,21.5
"1908",2011-09-27,21.2
"1909",2011-09-28,21.9818181818182
"1910",2011-09-29,22
"1911",2011-09-30,21.6
"1912",2011-10-03,20.4
"1913",2011-10-04,19.7
"1914",2011-10-05,18.9
"1915",2011-10-06,18.1
"1916",2011-10-07,17.9
"1917",2011-10-10,17.8
"1918",2011-10-11,19.1
"1919",2011-10-12,18.7181818181818
"1920",2011-10-13,18.8
"1921",2011-10-14,19.7
"1922",2011-10-17,19.7
"1923",2011-10-18,21.2
"1924",2011-10-19,21.4
"1925",2011-10-20,19.9
"1926",2011-10-21,19.7
"1927",2011-10-24,19.9
"1928",2011-10-25,19.5
"1929",2011-10-26,16.8090909090909
"1930",2011-10-27,16.8
"1931",2011-10-28,16.3
"1932",2011-10-31,15.6
"1933",2011-11-01,15.1
"1934",2011-11-02,14.3
"1935",2011-11-03,13.3
"1936",2011-11-04,12.6
"1937",2011-11-07,11.9
"1938",2011-11-08,11
"1939",2011-11-09,12.0111111111111
"1940",2011-11-10,11.5
"1941",2011-11-14,11.9
"1942",2011-11-15,12.7
"1943",2011-11-16,12.5
"1944",2011-11-17,13
"1945",2011-11-18,12.6
"1946",2011-11-21,11.3
"1947",2011-11-22,10.9636363636364
"1948",2011-11-23,10.9
"1949",2011-11-28,11.2
"1950",2011-11-29,11.1
"1951",2011-11-30,11.2
"1952",2011-12-01,10.6
"1953",2011-12-02,9.5
"1954",2011-12-05,8
"1955",2011-12-06,8.3
"1956",2011-12-07,7.84545454545454
"1957",2011-12-08,7.7
"1958",2011-12-09,7.3
"1959",2011-12-12,7.2
"1960",2011-12-13,7.8
"1961",2011-12-14,7.6
"1962",2011-12-15,7.6
"1963",2011-12-16,8
"1964",2011-12-19,7.5
"1965",2011-12-20,7.8
"1966",2011-12-21,8
"1967",2011-12-22,6.8
"1968",2011-12-23,6.5
"1969",2011-12-27,5.8
"1970",2011-12-28,6.3
"1971",2011-12-29,6.9
"1972",2011-12-30,7.8
"1973",2012-01-03,8.6
"1974",2012-01-04,8.65
"1975",2012-01-05,9.06363636363636
"1976",2012-01-06,8.9
"1977",2012-01-09,8.3
"1978",2012-01-10,9
"1979",2012-01-11,9
"1980",2012-01-12,8.8
"1981",2012-01-13,8.7
"1982",2012-01-17,6.8
"1983",2012-01-18,6.7
"1984",2012-01-19,NA
"1985",2012-01-20,7.225
"1986",2012-01-23,8.53333333333333
"1987",2012-01-24,8.7
"1988",2012-01-25,9.55
"1989",2012-01-26,9.86666666666667
"1990",2012-01-27,10.3
"1991",2012-01-30,10.4333333333333
"1992",2012-01-31,10.35
"1993",2012-02-01,10.6
"1994",2012-02-02,10.9
"1995",2012-02-03,10.8
"1996",2012-02-06,10.75
"1997",2012-02-07,10.8
"1998",2012-02-08,11.2666666666667
"1999",2012-02-09,11.6333333333333
"2000",2012-02-10,12.1333333333333
"2001",2012-02-13,12.2666666666667
"2002",2012-02-14,12.1333333333333
"2003",2012-02-15,11.4
"2004",2012-02-16,10.7214285714286
"2005",2012-02-17,11.4666666666667
"2006",2012-02-21,11.3666666666667
"2007",2012-02-22,11.7
"2008",2012-02-23,12.5333333333333
"2009",2012-02-24,11.9666666666667
"2010",2012-02-27,11.5
"2011",2012-02-28,11.3666666666667
"2012",2012-02-29,11.1384615384615
"2013",2012-03-01,11.08
"2014",2012-03-02,11.2666666666667
"2015",2012-03-05,12.6333333333333
"2016",2012-03-06,12.6666666666667
"2017",2012-03-07,11.8333333333333
"2018",2012-03-08,12.3
"2019",2012-03-09,12.2666666666667
"2020",2012-03-12,12.5333333333333
"2021",2012-03-13,12.9666666666667
"2022",2012-03-14,12.9666666666667
"2023",2012-03-15,13.3230769230769
"2024",2012-03-16,13.5333333333333
"2025",2012-03-18,12.2
"2026",2012-03-19,12.45
"2027",2012-03-20,12.7
"2028",2012-03-21,14.5
"2029",2012-03-22,14.3
"2030",2012-03-23,15
"2031",2012-03-26,13.65
"2032",2012-03-27,13.5
"2033",2012-03-28,13.3666666666667
"2034",2012-03-29,13.4
"2035",2012-03-30,13.9
"2036",2012-04-02,15.2
"2037",2012-04-03,14.7333333333333
"2038",2012-04-04,15.4
"2039",2012-04-05,15.2666666666667
"2040",2012-04-06,15
"2041",2012-04-09,16.3333333333333
"2042",2012-04-10,16.4333333333333
"2043",2012-04-11,15.9538461538462
"2044",2012-04-12,15.5666666666667
"2045",2012-04-13,15.2
"2046",2012-04-16,16.7
"2047",2012-04-17,17.8
"2048",2012-04-23,23
"2049",2012-04-24,22.6571428571429
"2050",2012-04-25,22.5428571428571
"2051",2012-04-26,21.75
"2052",2012-04-27,20.8
"2053",2012-04-30,21.7
"2054",2012-05-01,22.05
"2055",2012-05-02,21
"2056",2012-05-03,19.3
"2057",2012-05-04,19.275
"2058",2012-05-07,19.8846153846154
"2059",2012-05-08,20.25
"2060",2012-05-09,21.75
"2061",2012-05-10,21.2
"2062",2012-05-11,21.65
"2063",2012-05-14,20.9
"2064",2012-05-15,21.3
"2065",2012-05-16,21.95
"2066",2012-05-17,20.9
"2067",2012-05-18,20.7
"2068",2012-05-21,21.85
"2069",2012-05-22,23.5
"2070",2012-05-23,22.5916666666667
"2071",2012-05-24,23.2
"2072",2012-05-25,21.55
"2073",2012-05-29,20.3
"2074",2012-05-30,23.7
"2075",2012-05-31,23.4
"2076",2012-06-01,23.05
"2077",2012-06-04,22.15
"2078",2012-06-05,20.3
"2079",2012-06-06,22.1
"2080",2012-06-07,21.6727272727273
"2081",2012-06-08,21
"2082",2012-06-11,21.45
"2083",2012-06-12,22.4
"2084",2012-06-13,24.3
"2085",2012-06-14,23.8
"2086",2012-06-15,23.15
"2087",2012-06-18,23.85
"2088",2012-06-19,23.35
"2089",2012-06-20,23.8818181818182
"2090",2012-06-21,22.8666666666667
"2091",2012-06-22,21.45
"2092",2012-06-25,21
"2093",2012-06-26,21.7
"2094",2012-06-27,23.35
"2095",2012-06-28,21.85
"2096",2012-06-29,22.45
"2097",2012-07-03,24.01
"2098",2012-07-19,22.2444444444444
"2099",2012-07-20,21
"2100",2012-08-01,23.85
"2101",2012-08-16,23.7375
"2102",2012-08-17,23.6
"2103",2012-08-29,22.3555555555556
"2104",2012-09-13,21.92
"2105",2012-09-25,20.7
"2106",2012-09-26,20.5
"2107",2012-09-27,20.83
"2108",2012-09-28,21.3
"2109",2012-10-01,21.5
"2110",2012-10-02,21.8
"2111",2012-10-03,23.5
"2112",2012-10-04,20.9
"2113",2012-10-05,20.2
"2114",2012-10-08,18.9
"2115",2012-10-09,18.7
"2116",2012-10-10,18.59
"2117",2012-10-11,17.75
"2118",2012-10-12,17.5
"2119",2012-10-22,16.8
"2120",2012-10-23,16.6
"2121",2012-10-24,15.95
"2122",2012-10-25,15.93
"2123",2012-10-26,14.8
"2124",2012-10-29,16.4
"2125",2012-10-30,17.1
"2126",2012-10-31,16.7
"2127",2012-11-01,16.6
"2128",2012-11-02,16.7
"2129",2012-11-05,17.1
"2130",2012-11-06,17.3
"2131",2012-11-07,17.7
"2132",2012-11-08,15.6857142857143
"2133",2012-11-09,14.9
"2134",2012-11-13,12.7
"2135",2012-11-14,12.7
"2136",2012-11-15,12.8
"2137",2012-11-16,12.2
"2138",2012-11-18,13
"2139",2012-11-19,13.9
"2140",2012-11-20,13.83
"2141",2012-11-21,14.3
"2142",2012-11-26,12.9
"2143",2012-11-27,12.6
"2144",2012-11-28,12.1
"2145",2012-11-29,12.5
"2146",2012-11-30,13
"2147",2012-12-04,13.5
"2148",2012-12-05,13.6
"2149",2012-12-06,13.4
"2150",2012-12-07,12.9
"2151",2012-12-10,11.5
"2152",2012-12-11,11.2
"2153",2012-12-12,11
"2154",2012-12-13,10.5
"2155",2012-12-14,9.7
"2156",2012-12-17,9
"2157",2012-12-18,9.2
"2158",2012-12-19,8.2
"2159",2012-12-20,7.3
"2160",2012-12-21,7.4
"2161",2012-12-26,8.1
"2162",2012-12-27,8.06666666666667
"2163",2012-12-28,7.30909090909091
"2164",2012-12-31,6.2
"2165",2013-01-02,6.3625
"2166",2013-01-03,6.26666666666667
"2167",2013-01-04,6.3
"2168",2013-01-07,7
"2169",2013-01-08,7.45
"2170",2013-01-09,8.05
"2171",2013-01-10,7.6
"2172",2013-01-11,7
"2173",2013-01-14,5.05
"2174",2013-01-15,5
"2175",2013-01-16,4.95
"2176",2013-01-17,5.67272727272727
"2177",2013-01-18,5.85
"2178",2013-01-22,7.4
"2179",2013-01-23,8
"2180",2013-01-24,8.6
"2181",2013-01-25,9.66
"2182",2013-01-28,10.55
"2183",2013-01-29,10.45
"2184",2013-01-30,10.6
"2185",2013-01-31,10.75
"2186",2013-02-01,10.9533333333333
"2187",2013-02-04,11
"2188",2013-02-05,11.25
"2189",2013-02-06,11
"2190",2013-02-07,11.2
"2191",2013-02-08,10.9
"2192",2013-02-11,9.55
"2193",2013-02-12,9.90833333333333
"2194",2013-02-13,10.35
"2195",2013-02-14,10.65
"2196",2013-02-15,11
"2197",2013-02-19,11.4
"2198",2013-02-20,10.65
"2199",2013-02-21,10.75
"2200",2013-02-22,10.9
"2201",2013-02-25,10.6
"2202",2013-02-26,10.8333333333333
"2203",2013-02-27,10.95
"2204",2013-02-28,11.6545454545455
"2205",2013-03-01,13.6
"2206",2013-03-04,13.85
"2207",2013-03-05,14.4333333333333
"2208",2013-03-06,13.95
"2209",2013-03-07,13.7
"2210",2013-03-08,13.85
"2211",2013-03-11,13.8
"2212",2013-03-12,14.9
"2213",2013-03-13,15.9
"2214",2013-03-14,16.9
"2215",2013-03-15,17.4333333333333
"2216",2013-03-18,17.7
"2217",2013-03-19,17.5
"2218",2013-03-20,16.75
"2219",2013-03-21,16.8
"2220",2013-03-22,14.95
"2221",2013-03-25,14.25
"2222",2013-03-26,15.6
"2223",2013-03-27,15.45
"2224",2013-03-28,17
"2225",2013-03-29,17.275
"2226",2013-04-02,18.5
"2227",2013-04-03,18.5
"2228",2013-04-04,18.5
"2229",2013-04-09,16.15
"2230",2013-04-10,16.5272727272727
"2231",2013-04-11,17.9666666666667
"2232",2013-04-12,18.2
"2233",2013-04-15,18.85
"2234",2013-04-16,17.6
"2235",2013-04-17,16.65
"2236",2013-04-18,16.4
"2237",2013-04-19,17.1
"2238",2013-04-29,21.55
"2239",2013-04-30,21.95
"2240",2013-05-01,20.15
"2241",2013-05-02,19.45
"2242",2013-05-03,20.25
"2243",2013-05-06,20.2
"2244",2013-05-07,20.95
"2245",2013-05-08,21.0272727272727
"2246",2013-05-09,21.5666666666667
"2247",2013-05-10,21.15
"2248",2013-05-13,22.7
"2249",2013-05-14,22.95
"2250",2013-05-15,22.9
"2251",2013-05-16,19.6
"2252",2013-05-17,19.8
"2253",2013-05-20,21.35
"2254",2013-05-21,20.85
"2255",2013-05-22,20.15
"2256",2013-05-23,18.825
"2257",2013-05-24,21.2
"2258",2013-05-28,20.1
"2259",2013-05-29,22.5
"2260",2013-05-30,22.2
"2261",2013-05-31,21.05
"2262",2013-06-03,23.6
"2263",2013-06-04,23.6583333333333
"2264",2013-06-05,23.05
"2265",2013-06-06,22.15
"2266",2013-06-07,22.9
"2267",2013-06-10,23.25
"2268",2013-06-11,23.1
"2269",2013-06-12,24.55
"2270",2013-06-13,22.65
"2271",2013-06-14,23.73
"2272",2013-06-17,23.5
"2273",2013-06-18,22.55
"2274",2013-06-19,22.6272727272727
"2275",2013-06-20,24.2333333333333
"2276",2013-06-21,24.2
"2277",2013-06-24,22
"2278",2013-06-25,21.65
"2279",2013-06-26,23.55
"2280",2013-06-27,24.45
"2281",2013-06-28,25.95
"2282",2013-07-02,27.59
"2283",2013-07-17,22.29
"2284",2013-08-01,22.5666666666667
"2285",2013-08-14,23.8888888888889
"2286",2013-08-28,23.2888888888889
"2287",2013-09-10,23.6333333333333
"2288",2013-09-23,21.1
"2289",2013-09-24,20.4
"2290",2013-09-25,20.26
"2291",2013-09-26,19.6
"2292",2013-09-27,19.2
"2293",2013-09-30,20.2
"2294",2013-10-01,22.7
"2295",2013-10-02,19.1
"2296",2013-10-03,18.3
"2297",2013-10-04,17.2
"2298",2013-10-07,17.3
"2299",2013-10-08,18
"2300",2013-10-09,17.3
"2301",2013-10-10,16.5
"2302",2013-10-11,16.9
"2303",2013-10-14,17.2
"2304",2013-10-15,16.6
"2305",2013-10-16,18.4
"2306",2013-10-17,16
"2307",2013-10-18,16.4
"2308",2013-10-21,17.43
"2309",2013-10-22,18.8
"2310",2013-10-23,18
"2311",2013-10-24,17.9
"2312",2013-10-25,16.1
"2313",2013-10-28,15.9
"2314",2013-10-29,15.8
"2315",2013-10-30,14.7
"2316",2013-10-31,15.8
"2317",2013-11-01,14.9
"2318",2013-11-04,12.9
"2319",2013-11-05,12.5
"2320",2013-11-06,13.17
"2321",2013-11-07,13.1
"2322",2013-11-08,13.4
"2323",2013-11-12,14.1
"2324",2013-11-13,14.1
"2325",2013-11-14,13.5
"2326",2013-11-15,13.3
"2327",2013-11-18,12.3
"2328",2013-11-19,12.5
"2329",2013-11-20,12.87
"2330",2013-11-21,12.2
"2331",2013-11-22,11
"2332",2013-11-25,9.7
"2333",2013-11-26,10.7
"2334",2013-11-27,9.6
"2335",2013-12-02,10.2
"2336",2013-12-03,10.6
"2337",2013-12-04,8.8
"2338",2013-12-05,8.4
"2339",2013-12-06,7.3
"2340",2013-12-09,5.6
"2341",2013-12-10,5.2
"2342",2013-12-11,5.36
"2343",2013-12-12,5
"2344",2013-12-13,5.2
"2345",2013-12-16,5.9
"2346",2013-12-17,6.6
"2347",2013-12-18,6.4
"2348",2013-12-19,6.6
"2349",2013-12-20,6.9
"2350",2013-12-23,7.04
"2351",2013-12-24,7.2
"2352",2014-01-02,7.9
"2353",2014-01-03,8.8
"2354",2014-01-06,8.2
"2355",2014-01-07,8.1
"2356",2014-01-08,7.75
"2357",2014-01-09,8
"2358",2014-01-10,9.03636363636364
"2359",2014-01-13,8.95
"2360",2014-01-14,9.25
"2361",2014-01-15,8.75
"2362",2014-01-16,8.55
"2363",2014-01-17,8.85
"2364",2014-01-21,9.65
"2365",2014-01-22,8.9
"2366",2014-01-23,8.85
"2367",2014-01-24,9.68181818181818
"2368",2014-01-27,10.15
"2369",2014-01-28,10.45
"2370",2014-01-29,11.2
"2371",2014-01-30,11.8
"2372",2014-01-31,12.15
"2373",2014-02-03,10.7
"2374",2014-02-04,10.1
"2375",2014-02-05,10.1
"2376",2014-02-06,10.05
"2377",2014-02-07,9.95
"2378",2014-02-10,12.45
"2379",2014-02-11,12.85
"2380",2014-02-12,13.05
"2381",2014-02-13,13.8
"2382",2014-02-14,14.6
"2383",2014-02-18,14.1
"2384",2014-02-19,14.07
"2385",2014-02-20,14.05
"2386",2014-02-21,13.65
"2387",2014-02-24,14.25
"2388",2014-02-25,14.95
"2389",2014-03-02,14.2
"2390",2014-03-03,13.85
"2391",2014-03-04,13.95
"2392",2014-03-05,14.7636363636364
"2393",2014-03-06,15.6
"2394",2014-03-07,15.35
"2395",2014-03-10,15.7
"2396",2014-03-11,15.15
"2397",2014-03-12,14.45
"2398",2014-03-13,15
"2399",2014-03-14,15
"2400",2014-03-17,17
"2401",2014-03-18,16.1
"2402",2014-03-19,15.2
"2403",2014-03-20,16.6333333333333
"2404",2014-03-21,16.55
"2405",2014-03-24,17.4
"2406",2014-03-25,16.85
"2407",2014-03-26,16.4
"2408",2014-04-01,14.15
"2409",2014-04-02,13.3363636363636
"2410",2014-04-03,13.9
"2411",2014-04-04,14.95
"2412",2014-04-07,17.65
"2413",2014-04-08,18.35
"2414",2014-04-09,21.25
"2415",2014-04-10,20.7
"2416",2014-04-11,21.2
"2417",2014-04-14,20.6666666666667
"2418",2014-04-15,20.3
"2419",2014-04-16,20.25
"2420",2014-04-17,21.55
"2421",2014-04-18,21.2
"2422",2014-04-21,20.5
"2423",2014-04-22,19.35
"2424",2014-04-23,18.85
"2425",2014-04-24,19.75
"2426",2014-04-25,18.75
"2427",2014-04-28,18.7272727272727
"2428",2014-04-29,18.8
"2429",2014-04-30,20.55
"2430",2014-05-01,21.45
"2431",2014-05-02,22.45
"2432",2014-05-05,19.95
"2433",2014-05-06,20.1
"2434",2014-05-07,21.7
"2435",2014-05-08,19.6
"2436",2014-05-09,19.8
"2437",2014-05-12,20.6
"2438",2014-05-13,20.85
"2439",2014-05-14,22.6727272727273
"2440",2014-05-15,22.6333333333333
"2441",2014-05-16,23
"2442",2014-05-19,20.4
"2443",2014-05-20,21.25
"2444",2014-05-21,19.95
"2445",2014-05-22,21.3
"2446",2014-05-23,21.95
"2447",2014-05-27,22.95
"2448",2014-05-28,22.5
"2449",2014-05-29,21.9
"2450",2014-05-30,21.7727272727273
"2451",2014-06-02,22.3
"2452",2014-06-03,21.1
"2453",2014-06-04,24.6
"2454",2014-06-05,22.55
"2455",2014-06-06,22.85
"2456",2014-06-09,24.3
"2457",2014-06-10,25.75
"2458",2014-06-11,23.9
"2459",2014-06-12,22.45
"2460",2014-06-13,23.9
"2461",2014-06-16,22.1
"2462",2014-06-17,20.9
"2463",2014-06-18,21.35
"2464",2014-06-19,22.35
"2465",2014-06-20,23.55
"2466",2014-06-23,22.6
"2467",2014-06-24,22.5
"2468",2014-06-25,23.2
"2469",2014-06-26,22.95
"2470",2014-06-27,24.15
"2471",2014-07-02,23.9444444444444
"2472",2014-07-17,24.24
"2473",2014-07-18,22.575
"2474",2014-07-30,24.7777777777778
"2475",2014-08-12,22.6888888888889
"2476",2014-09-02,24.3
"2477",2014-09-03,23.53
"2478",2014-09-04,23.5
"2479",2014-09-05,22.3
"2480",2014-09-08,22.2
"2481",2014-09-09,21.8
"2482",2014-09-10,23.2
"2483",2014-09-11,22.4
"2484",2014-09-12,22.6
"2485",2014-09-15,22.7
"2486",2014-09-16,22.3
"2487",2014-09-17,22.38
"2488",2014-09-18,22.8
"2489",2014-09-19,22.5
"2490",2014-09-22,21.2
"2491",2014-09-23,22.5
"2492",2014-09-24,22.9
"2493",2014-09-25,NA
"2494",2014-09-26,21.4
"2495",2014-09-29,21.8
"2496",2014-09-30,21.3
"2497",2014-10-01,19.6777777777778
"2498",2014-10-02,20.4
"2499",2014-10-03,21.1
"2500",2014-10-06,21.3
"2501",2014-10-07,20.9
"2502",2014-10-08,20.9
"2503",2014-10-09,20.9
"2504",2014-10-10,20.9
"2505",2014-10-17,19
"2506",2014-10-31,16.7125
"2507",2014-11-13,15.18
